ref	value	mfr_part	lib	libpart	sheetfile	sheetname	footprint	datasheet
U1	LSM6DSOXTR	LSM6DSOXTR	5v rail sm-easyedapro	LSM6DSOXTR	sheets/modules/01_Battery-System.kicad_sch	Battery System	Package_LGA:LGA-14_3x2.5mm_P0.5mm	https://item.szlcsc.com/datasheet/LSM6DSOXTR/489350.html
U2	~		Jumper	Jumper_2_Open	sheets/modules/01_Battery-System.kicad_sch	Battery System	Jumper:SolderJumper-2_P1.3mm_Open_Pad1.0x1.5mm	
U3	~		Jumper	Jumper_2_Open	sheets/modules/01_Battery-System.kicad_sch	Battery System	Jumper:SolderJumper-2_P1.3mm_Open_Pad1.0x1.5mm	
U4	~		Jumper	Jumper_2_Bridged	sheets/modules/01_Battery-System.kicad_sch	Battery System	Jumper:SolderJumper-2_P1.3mm_Bridged_Pad1.0x1.5mm	
U5	~		Jumper	Jumper_2_Bridged	sheets/modules/01_Battery-System.kicad_sch	Battery System	Jumper:SolderJumper-2_P1.3mm_Bridged_Pad1.0x1.5mm	
U6	~		Jumper	Jumper_2_Open	sheets/modules/01_Battery-System.kicad_sch	Battery System	Jumper:SolderJumper-2_P1.3mm_Open_Pad1.0x1.5mm	
U7	~		Jumper	Jumper_2_Open	sheets/modules/01_Battery-System.kicad_sch	Battery System	Jumper:SolderJumper-2_P1.3mm_Open_Pad1.0x1.5mm	
U8	~		Jumper	Jumper_2_Bridged	sheets/modules/01_Battery-System.kicad_sch	Battery System	Jumper:SolderJumper-2_P1.3mm_Bridged_Pad1.0x1.5mm	
U9	~		Jumper	Jumper_2_Bridged	sheets/modules/01_Battery-System.kicad_sch	Battery System	Jumper:SolderJumper-2_P1.3mm_Bridged_Pad1.0x1.5mm	
U10	PCAL6524HEAZ	PCAL6524HEAZ	5v rail sm-easyedapro	PCAL6524HEAZ	sheets/modules/01_Battery-System.kicad_sch	Battery System	5v rail sm-easyedapro:HQFN-32_L5.0-W5.0-P0.50-BL-EP3.0	https://www.nxp.com/docs/en/data-sheet/PCAL6524DS.pdf
U11	PCAL6524HEAZ	PCAL6524HEAZ	5v rail sm-easyedapro	PCAL6524HEAZ	sheets/modules/01_Battery-System.kicad_sch	Battery System	5v rail sm-easyedapro:HQFN-32_L5.0-W5.0-P0.50-BL-EP3.0	https://www.nxp.com/docs/en/data-sheet/PCAL6524DS.pdf
U12	~		Jumper	Jumper_2_Open	sheets/modules/01_Battery-System.kicad_sch	Battery System	Jumper:SolderJumper-2_P1.3mm_Open_Pad1.0x1.5mm	
U13	~		Jumper	Jumper_2_Open	sheets/modules/01_Battery-System.kicad_sch	Battery System	Jumper:SolderJumper-2_P1.3mm_Open_Pad1.0x1.5mm	
U14	~		Jumper	Jumper_2_Bridged	sheets/modules/01_Battery-System.kicad_sch	Battery System	Jumper:SolderJumper-2_P1.3mm_Bridged_Pad1.0x1.5mm	
U15	~		Jumper	Jumper_2_Bridged	sheets/modules/01_Battery-System.kicad_sch	Battery System	Jumper:SolderJumper-2_P1.3mm_Bridged_Pad1.0x1.5mm	
U16	~		Jumper	Jumper_2_Open	sheets/modules/01_Battery-System.kicad_sch	Battery System	Jumper:SolderJumper-2_P1.3mm_Open_Pad1.0x1.5mm	
U17	~		Jumper	Jumper_2_Open	sheets/modules/01_Battery-System.kicad_sch	Battery System	Jumper:SolderJumper-2_P1.3mm_Open_Pad1.0x1.5mm	
U18	~		Jumper	Jumper_2_Bridged	sheets/modules/01_Battery-System.kicad_sch	Battery System	Jumper:SolderJumper-2_P1.3mm_Bridged_Pad1.0x1.5mm	
U19	~		Jumper	Jumper_2_Bridged	sheets/modules/01_Battery-System.kicad_sch	Battery System	Jumper:SolderJumper-2_P1.3mm_Bridged_Pad1.0x1.5mm	
U20	X1270WV-2X08B-6TV01	X1270WV-2x08B-9TV01	JLCImport	X1270WV-2X08B-6TV01	MikroemikroBus_Shuttle_Clone.kicad_sch	Mikroe mikroBus Shuttle Clone1	JLCImport:X1270WV-2X08B-6TV01	https://datasheet.lcsc.com/lcsc/2201191230_XKB-Connectivity-X1270WV-2x05B-6TV01_C2962225.pdf
U22	CN3722	CN3722	5v rail sm-easyedapro	CN3722	../charging/4_Charging-Buck.kicad_sch	Charger Buck Stage	Package_SO:TSSOP-16_4.4x5mm_P0.65mm	https://atta.szlcsc.com/upload/public/pdf/source/20161217/1481939130627.pdf
U23	15uH	XAL1010-153MED	5v rail sm-easyedapro	XAL1010-153MED	../charging/4_Charging-Buck.kicad_sch	Charger Buck Stage		https://www.coilcraft.com/getmedia/dd74e670-e705-456a-9a69-585fe02eaf3c/xal1010.pdf
U24	LM5050MKX-1/NOPB	LM5050MKX-1/NOPB	5v rail sm-easyedapro	LM5050MKX-1/NOPB	../charging/highcurrendiodeor.kicad_sch	Ideal_Diode_OR_CHARGING_PORT	Package_TO_SOT_SMD:TSOT-23-6	https://www.ti.com/cn/lit/gpn/lm5050-1
U25	LM5050MKX-1/NOPB	LM5050MKX-1/NOPB	5v rail sm-easyedapro	LM5050MKX-1/NOPB	../charging/highcurrendiodeor.kicad_sch	Ideal_Diode_OR_DC_PORT	Package_TO_SOT_SMD:TSOT-23-6	https://www.ti.com/cn/lit/gpn/lm5050-1
U26	LM5050MKX-1/NOPB	LM5050MKX-1/NOPB	5v rail sm-easyedapro	LM5050MKX-1/NOPB	../charging/highcurrendiodeor.kicad_sch	Ideal_Diode_OR_PACK+_VCC	Package_TO_SOT_SMD:TSOT-23-6	https://www.ti.com/cn/lit/gpn/lm5050-1
U27	VH3_96-2P_WZ	VH3.96-2P WZ	JLCImport	VH3_96-2P_WZ	../connectors/JST-VH-12V-PIN.kicad_sch	JST-VH-12V-PIN	JLCImport:VH3_96-2P_WZ	https://atta.szlcsc.com/upload/public/pdf/source/20160806/1470478006708.pdf
U28	VH3_96-2P_WZ	VH3.96-2P WZ	JLCImport	VH3_96-2P_WZ	../connectors/JST-VH-12V-PIN.kicad_sch	JST-VH-12V-PIN1	JLCImport:VH3_96-2P_WZ	https://atta.szlcsc.com/upload/public/pdf/source/20160806/1470478006708.pdf
U29	VH3_96-2P_WZ	VH3.96-2P WZ	JLCImport	VH3_96-2P_WZ	../connectors/JST-VH-12V-PIN.kicad_sch	JST-VH-12V-PIN2	JLCImport:VH3_96-2P_WZ	https://atta.szlcsc.com/upload/public/pdf/source/20160806/1470478006708.pdf
U30	MCP4725A0T-E/CH	MCP4725A0T-E/CH	5v rail sm-easyedapro	MCP4725A0T-E/CH	../power/12v_LTM8055_BUCK.kicad_sch	12v_LTM8055_BUCK	Package_TO_SOT_SMD:SOT-23-6	https://item.szlcsc.com/datasheet/MCP4725A0T-E%252FCH/155530.html
U31	ADS1115IDGST	ADS1115IDGST	5v rail sm-easyedapro	ADS1115IDGST	../power/12v_LTM8055_BUCK.kicad_sch	12v_LTM8055_BUCK	Package_SO:VSSOP-10_3.0x3.0mm_P0.5mm	https://www.ti.com/cn/lit/gpn/ads1113
U32	~		Jumper	Jumper_2_Bridged	../power/12v_LTM8055_BUCK.kicad_sch	12v_LTM8055_BUCK	Jumper:SolderJumper-2_P1.3mm_Bridged_Pad1.0x1.5mm	
U33	LTM8055IY_PBF		Snapeda	LTM8055IY_PBF	../power/12v_LTM8055_BUCK.kicad_sch	12v_LTM8055_BUCK	Snapeda:BGA121C127P11X11_1500X1500X512N	
U34	68uF	RVT1E680M0605	5v rail sm-easyedapro	RVT1E680M0605	../power/12v_LTM8055_BUCK.kicad_sch	12v_LTM8055_BUCK	5v rail sm-easyedapro:CAP-SMD_BD6.3-L6.6-W6.6-LS7.4-FD	
U35	LM5050MKX-1/NOPB	LM5050MKX-1/NOPB	5v rail sm-easyedapro	LM5050MKX-1/NOPB	../charging/highcurrendiodeor.kicad_sch	Ideal_Diode_OR_12V_BUCK	Package_TO_SOT_SMD:TSOT-23-6	https://www.ti.com/cn/lit/gpn/lm5050-1
U36	LM5050MKX-1/NOPB	LM5050MKX-1/NOPB	5v rail sm-easyedapro	LM5050MKX-1/NOPB	../charging/highcurrendiodeor.kicad_sch	Ideal_Diode_OR_SERVO	Package_TO_SOT_SMD:TSOT-23-6	https://www.ti.com/cn/lit/gpn/lm5050-1
U37	TPSM63610RDFR	TPSM63610RDFR	5v rail sm-easyedapro	TPSM63610RDFR	../power/28_Power-servo.kicad_sch	Servo Power Buck	5v rail sm-easyedapro:QFN-22_L7.5-W6.5_TLVM13610RDFR	https://item.szlcsc.com/datasheet/TPSM63610RDFR/8092608.html
U38	~		Jumper	Jumper_2_Bridged	../power/28_Power-servo.kicad_sch	Servo Power Buck	Jumper:SolderJumper-2_P1.3mm_Bridged_Pad1.0x1.5mm	
U39	LM5050MKX-1/NOPB	LM5050MKX-1/NOPB	5v rail sm-easyedapro	LM5050MKX-1/NOPB	../charging/highcurrendiodeor.kicad_sch	Ideal_Diode_OR_USBC	Package_TO_SOT_SMD:TSOT-23-6	https://www.ti.com/cn/lit/gpn/lm5050-1
U40	~		Jumper	Jumper_2_Bridged	../charging/TPS16630RGER_CHARGING_EFUSE.kicad_sch	TPS16630RGER_CHARGING_EFUSE	Jumper:SolderJumper-2_P1.3mm_Bridged_Pad1.0x1.5mm	
U41	~		Jumper	Jumper_2_Bridged	../charging/TPS16630RGER_CHARGING_EFUSE.kicad_sch	TPS16630RGER_CHARGING_EFUSE	Jumper:SolderJumper-2_P1.3mm_Bridged_Pad1.0x1.5mm	
U42	TPS16630RGER	TPS16630RGER	5v rail sm-easyedapro	TPS16630RGER	../charging/TPS16630RGER_CHARGING_EFUSE.kicad_sch	TPS16630RGER_CHARGING_EFUSE	5v rail sm-easyedapro:VFQFPN-24_L4.0-W4.0-P0.50-BL-EP2.8	https://www.ti.com/cn/lit/gpn/tps1663
U43	~		Jumper	Jumper_2_Bridged	../charging/23_Charging-USB-C-Port.kicad_sch	USB-C Input	Jumper:SolderJumper-2_P1.3mm_Bridged_Pad1.0x1.5mm	
U44	~		Jumper	Jumper_2_Bridged	../charging/23_Charging-USB-C-Port.kicad_sch	USB-C Input	Jumper:SolderJumper-2_P1.3mm_Bridged_Pad1.0x1.5mm	
U45	HUSB238A-BB001-QN16R	HUSB238A-BB001-QN16R	5v rail sm-easyedapro	HUSB238A-BB001-QN16R	../charging/23_Charging-USB-C-Port.kicad_sch	USB-C Input	Package_DFN_QFN:QFN-16-1EP_3x3mm_P0.5mm_EP1.7x1.7mm	https://item.szlcsc.com/datasheet/HUSB238A-BB001-QN16R/26562539.html
U46	~		Jumper	Jumper_2_Open	../connectors/mt9700-efuse.kicad_sch	mt9700-efuse	Jumper:SolderJumper-2_P1.3mm_Open_Pad1.0x1.5mm	
U47	MT9700-N	MT9700-N	5v rail sm-easyedapro	MT9700-N	../connectors/mt9700-efuse.kicad_sch	mt9700-efuse	Package_TO_SOT_SMD:SOT-23-5	https://item.szlcsc.com/datasheet/MT9700-N/44491709.html
U48	150uF	RVT1V151M0607	5v rail sm-easyedapro	RVT1V151M0607	../connectors/mt9700-efuse.kicad_sch	mt9700-efuse	5v rail sm-easyedapro:CAP-SMD_BD6.3-L6.6-W6.6-LS7.4-FD	
U49	74AHCT1G125GW,125-JSM	74AHCT1G125GW,125-JSM	5v rail sm-easyedapro	74AHCT1G125GW,125-JSM	../mcu/33_Microcontroller-leds.kicad_sch	Status LEDs	Package_TO_SOT_SMD:SOT-353_SC-70-5	https://item.szlcsc.com/datasheet/74AHCT1G125GW%252C125-JSM/56091373.html
U50	WS2815F	WS2815F	5v rail sm-easyedapro	WS2815F	../mcu/33_Microcontroller-leds.kicad_sch	Status LEDs	5v rail sm-easyedapro:LED-SMD_6P-L5.0-W5.0-TL	https://item.szlcsc.com/datasheet/WS2815F/23859553.html
U51	WS2815F	WS2815F	5v rail sm-easyedapro	WS2815F	../mcu/33_Microcontroller-leds.kicad_sch	Status LEDs	5v rail sm-easyedapro:LED-SMD_6P-L5.0-W5.0-TL	https://item.szlcsc.com/datasheet/WS2815F/23859553.html
U52	WS2815F	WS2815F	5v rail sm-easyedapro	WS2815F	../mcu/33_Microcontroller-leds.kicad_sch	Status LEDs	5v rail sm-easyedapro:LED-SMD_6P-L5.0-W5.0-TL	https://item.szlcsc.com/datasheet/WS2815F/23859553.html
U53	VH3_96-4P_ZZ	VH3.96-4P ZZ	JLCImport	VH3_96-4P_ZZ	../mcu/33_Microcontroller-leds.kicad_sch	Status LEDs	JLCImport:VH3_96-4P_ZZ	https://atta.szlcsc.com/upload/public/pdf/source/20230630/DF786FC43E612B301379FAB1A9219773.pdf
U54	WS2815F	WS2815F	5v rail sm-easyedapro	WS2815F	../mcu/33_Microcontroller-leds.kicad_sch	Status LEDs	5v rail sm-easyedapro:LED-SMD_6P-L5.0-W5.0-TL	https://item.szlcsc.com/datasheet/WS2815F/23859553.html
U55	WS2815F	WS2815F	5v rail sm-easyedapro	WS2815F	../mcu/33_Microcontroller-leds.kicad_sch	Status LEDs	5v rail sm-easyedapro:LED-SMD_6P-L5.0-W5.0-TL	https://item.szlcsc.com/datasheet/WS2815F/23859553.html
U56	INA226AIDGSR	INA226AIDGSR	5v rail sm-easyedapro	INA226AIDGSR	../connectors/INA226_SINGLE_CURR_SENSOR.kicad_sch	INA226_SINGLE_CURR_SENSOR_ESC	Package_SO:MSOP-10_3x3mm_P0.5mm	https://item.szlcsc.com/datasheet/INA226AIDGSR/50860.html
U57	TPSM33625RDNR	TPSM33625RDNR	5v rail sm-easyedapro	TPSM33625RDNR	../power/Power-3v3.kicad_sch	3v3 rail	5v rail sm-easyedapro:QFN-11_L4.5-W3.5-P0.50-TL_TPSM365R6FRDNR	https://item.szlcsc.com/datasheet/TPSM33625RDNR/8040204.html
U58	TPSM33625RDNR	TPSM33625RDNR	5v rail sm-easyedapro	TPSM33625RDNR	../power/5vrail.kicad_sch	5v rail	5v rail sm-easyedapro:QFN-11_L4.5-W3.5-P0.50-TL_TPSM365R6FRDNR	https://item.szlcsc.com/datasheet/TPSM33625RDNR/8040204.html
U59	~		Jumper	Jumper_2_Open	../connectors/mt9700-efuse.kicad_sch	mt9700-efuse1	Jumper:SolderJumper-2_P1.3mm_Open_Pad1.0x1.5mm	
U60	MT9700-N	MT9700-N	5v rail sm-easyedapro	MT9700-N	../connectors/mt9700-efuse.kicad_sch	mt9700-efuse1	Package_TO_SOT_SMD:SOT-23-5	https://item.szlcsc.com/datasheet/MT9700-N/44491709.html
U61	150uF	RVT1V151M0607	5v rail sm-easyedapro	RVT1V151M0607	../connectors/mt9700-efuse.kicad_sch	mt9700-efuse1	5v rail sm-easyedapro:CAP-SMD_BD6.3-L6.6-W6.6-LS7.4-FD	
U62	PCA9685PW,118	PCA9685PW,118	5v rail sm-easyedapro	PCA9685PW,118	../mcu/25_Microcontroller-PWM-IC.kicad_sch	PWM Driver	Package_SO:TSSOP-28_4.4x9.7mm_P0.65mm	https://www.nxp.com.cn/docs/en/data-sheet/PCA9685.pdf
U63	~		Jumper	Jumper_2_Open	../battery/18_Battery-BMS.kicad_sch	Battery BMS Interface	Jumper:SolderJumper-2_P1.3mm_Open_Pad1.0x1.5mm	
U64	BQ7694202PFBR	BQ7694202PFBR	5v rail sm-easyedapro	BQ7694202PFBR	../battery/18_Battery-BMS.kicad_sch	Battery BMS Interface	Package_QFP:TQFP-48_7x7mm_P0.5mm	https://www.ti.com/cn/lit/gpn/bq76942
U65	INA226AIDGSR	INA226AIDGSR	5v rail sm-easyedapro	INA226AIDGSR	../connectors/INA226_SINGLE_CURR_SENSOR.kicad_sch	INA226_SINGLE_CURR_SENSOR_SERVO	Package_SO:MSOP-10_3x3mm_P0.5mm	https://item.szlcsc.com/datasheet/INA226AIDGSR/50860.html
U66	NCP718ASN330T1G	NCP718ASN330T1G	5v rail sm-easyedapro	NCP718ASN330T1G	bms_button_logic.kicad_sch	bms_button_logic	Package_TO_SOT_SMD:TSOT-23-5	https://atta.szlcsc.com/upload/public/pdf/source/20210813/8C1C10F20D6048507834084705E93F3A.pdf
U67	X1270WV-2X08B-6TV01	X1270WV-2x08B-9TV01	JLCImport	X1270WV-2X08B-6TV01	MikroemikroBus_Shuttle_Clone.kicad_sch	Mikroe mikroBus Shuttle Clone	JLCImport:X1270WV-2X08B-6TV01	https://datasheet.lcsc.com/lcsc/2201191230_XKB-Connectivity-X1270WV-2x05B-6TV01_C2962225.pdf
U68	PMEG10030ELPX	PMEG10030ELPX	5v rail sm-easyedapro	PMEG10030ELPX_C5260346	bms_button_logic.kicad_sch	bms_button_logic	Diode_SMD:SOD-128	https://item.szlcsc.com/datasheet/PMEG10030ELPX/5982261.html
U69	RVT1H680M0607	RVT1H680M0607	JLCImport	RVT1H680M0607	../charging/4_Charging-Buck.kicad_sch	Charger Buck Stage	JLCImport:RVT1H680M0607	https://item.szlcsc.com/265679.html
