Designator,Val,Package,Mid X,Mid Y,Rotation,Layer
-12V+_1,VH3.96-2P WZ,CONN-TH_2P-P3.96_VH3.96-2AW,120.790433,-90.9305,0.0,top
-12V+_2,VH3.96-2P WZ,CONN-TH_2P-P3.96_VH3.96-2AW,130.341366,-90.9305,0.0,top
-12V+_3,VH3.96-2P WZ,CONN-TH_2P-P3.96_VH3.96-2AW,139.892299,-90.9305,0.0,top
-12V+_4,VH3.96-2P WZ,CONN-TH_2P-P3.96_VH3.96-2AW,4.290433,-79.6805,0.0,top
-12V+_5,VH3.96-2P WZ,CONN-TH_2P-P3.96_VH3.96-2AW,13.841366,-79.6805,0.0,top
-12V+_6,VH3.96-2P WZ,CONN-TH_2P-P3.96_VH3.96-2AW,23.392299,-79.6805,0.0,top
12V1,XL-0201UBC,LED-SMD_L0.7-W0.4-RD_BLUE,135.21,-23.2155,0.0,top
3V3,XL-0201UBC,LED-SMD_L0.7-W0.4-RD_BLUE,135.21,-25.196433,0.0,top
5V1,XL-0201UBC,LED-SMD_L0.7-W0.4-RD_BLUE,135.21,-27.177366,0.0,top
C105,10uF,C0805,30.68975,-68.65975,0.0,top
C106,100nF,C0603,35.237001,-68.517001,0.0,top
C107,10uF,C0805,30.68975,-71.61925,0.0,top
C108,100nF,C0603,35.237001,-71.191002,0.0,top
C109,10uF,C0805,30.68975,-74.57875,0.0,top
C110,100nF,C0603,35.237001,-73.865003,0.0,top
C125,10uF,C0805,130.59975,-97.43925,0.0,top
C126,100nF,C0603,137.537001,-97.011002,0.0,top
C127,10uF,C0805,130.59975,-100.39875,0.0,top
C128,100nF,C0603,137.537001,-99.685003,0.0,top
C129,10uF,C0805,130.59975,-103.35825,0.0,top
C130,100nF,C0603,137.537001,-102.359004,0.0,top
C137,33pF,C0201,131.48325,-17.31675,0.0,top
C138,10nF,C0201,131.48325,-19.263933,0.0,top
C139,100nF,C0402,131.67025,-8.80575,0.0,top
C140,100nF,C0402,131.67025,-10.961933,0.0,top
C141,100nF,C0402,131.67025,-13.118116,0.0,top
C142,100nF,C0402,131.67025,-15.274299,0.0,top
C143,10nF,C0201,136.78325,-104.65675,0.0,top
C144,10nF,C0201,136.78325,-106.603933,0.0,top
C145,10nF,C0201,136.78325,-108.551116,0.0,top
C160,33uF,CAP-SMD_L7.3-W4.3-FD,22.064,-84.7005,0.0,top
C166,1uF,C0603,90.157001,-114.067001,0.0,top
C167,100pF,C0603,90.157001,-116.741002,0.0,top
C168,220nF,C0603,90.157001,-119.415003,0.0,top
C169,220nF,C0603,90.157001,-122.089004,0.0,top
C170,220nF,C0603,90.157001,-124.763005,0.0,top
C172,100pF,C0402,106.05025,-133.92575,0.0,top
C173,100nF,C0603,90.157001,-127.437006,0.0,top
C174,100nF,C0603,34.447001,-34.747001,0.0,top
C175,100nF,C0603,34.447001,-37.421002,0.0,top
C176,100nF,C0603,83.567001,-17.957001,0.0,top
C177,10uF,C0805,58.42975,-36.23975,0.0,top
C178,680uF,CAP-TH_BD8.0-P3.50-D0.6-FD,69.951933,-21.349,0.0,top
C187,100nF,C0603,94.191002,-114.067001,0.0,top
C188,220nF,C0603,94.191002,-116.741002,0.0,top
C191,1uF,C0603,58.227001,-56.577001,0.0,top
C192,100nF,C0603,58.227001,-59.251002,0.0,top
C193,100nF,C0603,106.787001,-23.427001,0.0,top
C196,1uF,C0603,127.307001,-114.067001,0.0,top
C198,100nF,C0603,152.447001,-66.161002,0.0,top
C199,100nF,C0603,152.447001,-68.835003,0.0,top
C200,1uF,C0603,127.307001,-116.741002,0.0,top
C202,100nF,C0603,143.127001,-126.427001,0.0,top
C203,1uF,C0603,106.787001,-26.101002,0.0,top
C204,22uF,C1206,90.71975,-26.73875,0.0,top
C205,22uF,C1206,90.71975,-30.07625,0.0,top
C206,100nF,C0603,152.447001,-71.509004,0.0,top
C207,22uF,C0805,148.84975,-47.52975,0.0,top
C208,22uF,C0805,148.84975,-50.48925,0.0,top
C209,100nF,C0603,58.227001,-61.925003,0.0,top
C210,22nF,C0603,58.227001,-64.599004,0.0,top
C213,1uF,C0603,58.227001,-67.273005,0.0,top
C214,100nF,C0603,58.227001,-69.947006,0.0,top
C215,1uF,C0603,62.261002,-56.577001,0.0,top
C216,100nF,C0603,62.261002,-59.251002,0.0,top
C217,1uF,C0603,62.261002,-61.925003,0.0,top
C218,100nF,C0603,62.261002,-64.599004,0.0,top
C219,100nF,C0603,34.447001,-40.095003,0.0,top
C220,100nF,C0603,34.447001,-42.769004,0.0,top
C221,100nF,C0603,34.447001,-45.443005,0.0,top
C222,100nF,C0603,34.447001,-48.117006,0.0,top
C223,1uF,C0603,94.191002,-119.415003,0.0,top
C224,1uF,C0603,94.191002,-122.089004,0.0,top
C225,1uF,C0603,106.787001,-28.775003,0.0,top
C228,47uF,C0805,102.23975,-23.56975,0.0,top
C229,47uF,C0805,102.23975,-26.52925,0.0,top
C230,100nF,C0603,106.787001,-31.449004,0.0,top
C231,4.7uF,C0805,102.23975,-29.48875,0.0,top
C232,100nF,C0603,106.787001,-34.123005,0.0,top
C233,4.7uF,C0805,102.23975,-32.44825,0.0,top
C234,22uF,C0603,39.727001,-106.907001,0.0,top
C235,100nF,C0603,39.727001,-109.581002,0.0,top
C236,100nF,C0603,39.727001,-112.255003,0.0,top
C237,10uF,C0805,59.16975,-147.21975,0.0,top
C238,100nF,C0603,49.507001,-151.597001,0.0,top
C239,10uF,C0805,59.16975,-150.17925,0.0,top
C240,100nF,C0603,49.507001,-154.271002,0.0,top
C241,100nF,C0603,152.207001,-133.867001,0.0,top
C242,10nF,C0201,62.96325,-146.70675,0.0,top
C243,10nF,C0201,62.96325,-148.653933,0.0,top
C244,10nF,C0201,62.96325,-150.601116,0.0,top
C245,4.7uF,C0805,91.09975,-67.15975,0.0,top
C246,4.7uF,C0805,91.09975,-70.11925,0.0,top
C247,22uF,C0805,91.09975,-73.07875,0.0,top
C249,220nF,C0603,120.147001,-58.957001,0.0,top
C250,100nF,C0603,120.147001,-61.631002,0.0,top
C251,1uF,C0603,143.127001,-129.101002,0.0,top
C252,100uF,CAP-SMD_BD6.3-L6.6-W6.6-LS7.6-RD,93.755,-45.0905,0.0,top
C253,47uF,CAP-SMD_BD6.3-L6.6-W6.6-LS7.6-FD,93.755,-53.321433,0.0,top
C254,100nF,C0402,132.82025,-67.150482,0.0,top
C255,100nF,C0402,132.82025,-69.306665,0.0,top
C256,470nF,C0603,94.191002,-124.763005,0.0,top
C257,47uF,CAP-SMD_BD6.3-L6.6-W6.6-LS7.6-FD,114.025,-20.1205,0.0,top
C260,10uF,C1210,50.62975,-115.73475,0.0,top
C261,10uF,C1210,50.62975,-120.04425,0.0,top
C262,100uF,CAP-SMD_BD5.0-L5.3-W5.3-LS6.3-FD,64.5,-126.1605,0.0,top
C263,22pF,C0402,59.25025,-133.94575,0.0,top
C264,47uF,C1210,50.62975,-124.35375,0.0,top
C265,47uF,C1210,50.62975,-128.66325,0.0,top
C266,47uF,C1210,50.62975,-132.97275,0.0,top
C267,4700uF,CAP-TH_BD13.0-P5.00-D0.6-FD,30.410433,-112.8705,0.0,top
C270,100nF,C0603,127.307001,-119.415003,0.0,top
C271,1uF,C0603,120.147001,-64.305003,0.0,top
C272,100nF,C0603,120.147001,-66.979004,0.0,top
C273,470uF,CAP-SMD_BD10.0-L10.3-W10.3-LS11.0-R-RD,106.52,-63.600433,0.0,top
C274,1uF,C0603,39.727001,-114.929004,0.0,top
C275,100nF,C0603,39.727001,-117.603005,0.0,top
C276,4700uF,CAP-TH_BD16.0-P7.50-D0.8-FD,56.320433,-8.3005,0.0,top
C277,4700uF,CAP-TH_BD16.0-P7.50-D0.8-FD,56.320433,-25.931433,0.0,top
C278,1uF,C0603,83.567001,-20.631002,0.0,top
C279,100nF,C0603,83.567001,-23.305003,0.0,top
C280,47uF,C0805,101.71975,-104.23975,0.0,top
C281,100nF,C0603,78.037001,-98.697001,0.0,top
C282,1uF,C0603,78.037001,-101.371002,0.0,top
C284,100nF,C0603,78.037001,-104.045003,0.0,top
C285,100nF,C0603,78.037001,-106.719004,0.0,top
C286,1uF,C0603,78.037001,-109.393005,0.0,top
C287,100nF,C0603,143.417001,-30.047001,0.0,top
C288,1uF,C0603,143.417001,-32.721002,0.0,top
C289,100nF,C0603,120.147001,-69.653005,0.0,top
C290,1uF,C0603,120.147001,-72.327006,0.0,top
C294,470uF,CAP-SMD_BD6.3-L6.6-W6.6-LS7.6-RD,60.755,-94.7205,0.0,top
C295,100nF,C0603,67.967001,-91.957001,0.0,top
C296,100nF,C0603,67.967001,-94.631002,0.0,top
C297,470uF,CAP-SMD_BD6.3-L6.6-W6.6-LS7.6-RD,60.755,-102.951433,0.0,top
C298,100nF,C0603,67.967001,-97.305003,0.0,top
C299,100nF,C0603,67.967001,-99.979004,0.0,top
C300,100nF,C0603,62.261002,-67.273005,0.0,top
C301,10uF,C0805,30.68975,-77.53825,0.0,top
C302,100nF,C0603,35.237001,-76.539004,0.0,top
C303,10uF,C0805,30.68975,-80.49775,0.0,top
C304,100nF,C0603,35.237001,-79.213005,0.0,top
C305,10uF,C0805,30.68975,-83.45725,0.0,top
C306,100nF,C0603,35.237001,-81.887006,0.0,top
C307,10uF,C0805,30.68975,-86.41675,0.0,top
C308,100nF,C0603,35.237001,-84.561007,0.0,top
C309,10nF,C0201,41.23325,-86.85675,0.0,top
C310,10nF,C0201,41.23325,-88.803933,0.0,top
C311,10nF,C0201,41.23325,-90.751116,0.0,top
C68,10uF,C0805,130.59975,-94.47975,0.0,top
C69,100nF,C0603,137.537001,-94.337001,0.0,top
C71,22uF,C0805,135.65975,-17.43975,0.0,top
C74,1uF,C0603,140.907001,-17.437001,0.0,top
C76,47uF,C1206,140.98975,-9.39875,0.0,top
C78,2pF,C0402,132.82025,-58.52575,0.0,top
C79,470pF,C0402,132.82025,-60.681933,0.0,top
C80,100nF,C0402,132.82025,-62.838116,0.0,top
C81,220nF,C0603,152.447001,-63.487001,0.0,top
C82,100nF,C0402,132.82025,-64.994299,0.0,top
C90,22uF,CAP-SMD_BD6.3-L6.6-W6.6-FD,129.485,-45.0905,0.0,top
CN1,B2B-XH-A(LF)(SN),CONN-TH_B2B-XH-A-LF-SN,80.5205,-131.927433,0.0,top
CN10,5017,CONN-SMD_5017,80.389,-73.98,0.0,top
CN11,5017,CONN-SMD_5017,96.289,-72.9,0.0,top
CN12,5017,CONN-SMD_5017,20.419,-140.1,0.0,top
CN13,B4B-PH-K-S(LF)(SN),CONN-TH_B4B-PH-K-S,29.0075,-123.957433,0.0,top
CN3,5017,CONN-SMD_5017,80.389,-63.36,0.0,top
CN4,EXT,CONN-TH_2P-P2.50_HX25003-2A,104.280433,-2.7005,0.0,top
CN5,EXT,CONN-TH_2P-P2.50_HX25003-2A,104.280433,-10.231433,0.0,top
CN6,EXT,CONN-TH_2P-P2.50_HX25003-2A,104.280433,-17.762366,0.0,top
CN8,5017,CONN-SMD_5017,80.389,-66.9,0.0,top
CN9,5017,CONN-SMD_5017,80.389,-70.44,0.0,top
CUR_1,INA3221AIRGVR,QFN-16_L4.0-W4.0-P0.65-TL-EP2.2,143.01425,-106.577,270.0,top
CUR_2,INA3221AIRGVR,QFN-16_L4.0-W4.0-P0.65-TL-EP2.2,50.95425,-140.407,270.0,top
CUR_3,INA3221AIRGVR,QFN-16_L4.0-W4.0-P0.65-TL-EP2.2,50.95425,-146.981,270.0,top
CUR_4,INA3221AIRGVR,QFN-16_L4.0-W4.0-P0.65-TL-EP2.2,36.68425,-89.177,270.0,top
D13,SMF6.0A,SOD-123F_L2.8-W1.8-LS3.7-RD,36.045,-94.1105,0.0,top
D14,SMF13A,SOD-123FL_L2.8-W1.8-LS3.6-RD,11.445,-83.4505,0.0,top
D15,SMAJ16A,SMA_L4.3-W2.6-LS5.0-RD,20.96225,-89.7805,0.0,top
D16,SMF13A,SOD-123FL_L2.8-W1.8-LS3.6-RD,142.475,-94.7005,0.0,top
D17,SMF13A,SOD-123FL_L2.8-W1.8-LS3.6-RD,142.475,-98.131433,0.0,top
D18,SMF13A,SOD-123FL_L2.8-W1.8-LS3.6-RD,142.475,-101.562366,0.0,top
D20,SMAJ16A,SMA_L4.3-W2.6-LS5.0-RD,33.74225,-9.7305,0.0,top
D39,SMBJ30A,SMB_L4.6-W3.6-LS5.4-RD,118.10175,-133.3505,0.0,top
D40,BAT46W-7-F,SOD-123_L2.8-W1.8-LS3.7-RD,99.1425,-114.4305,0.0,top
D41,BAT46W-7-F,SOD-123_L2.8-W1.8-LS3.7-RD,90.5225,-33.4405,0.0,top
D42,MMSZ5246B-7-F,SOD-123_L2.7-W1.6-LS3.7-RD,26.675,-1.1005,0.0,top
D43,MMSZ5246B-7-F,SOD-123_L2.7-W1.6-LS3.7-RD,26.675,-4.331433,0.0,top
D44,MMSZ5246B-7-F,SOD-123_L2.7-W1.6-LS3.7-RD,26.675,-7.562366,0.0,top
D45,BAT46W,SOD-123_L2.7-W1.6-LS3.7-FD,26.865,-42.1005,0.0,top
D46,BAT46W-7-F,SOD-123_L2.8-W1.8-LS3.7-RD,42.3925,-1.2005,0.0,top
D47,BAT46W-7-F,SOD-123_L2.8-W1.8-LS3.7-RD,42.3925,-4.631433,0.0,top
D49,BZT52C5V1S-7-F,SOD-323_L1.8-W1.3-LS2.5-RD,26.4875,-45.1805,0.0,top
D50,MMSZ5246B_R1_00001,SOD-123_L2.8-W1.8-LS3.7-RD,42.3925,-8.062366,0.0,top
D51,MMSZ5267BT1G,SOD-123_L2.7-W1.6-LS3.7-RD,26.675,-10.793299,0.0,top
D52,SMAJ16A,SMA_L4.3-W2.6-LS5.0-RD,51.69225,-36.8605,0.0,top
D53,BAT46W-7-F,SOD-123_L2.8-W1.8-LS3.7-RD,99.1425,-117.861433,0.0,top
D54,MMSZ4685T1G,SOD-123_L2.8-W1.8-LS3.7-RD,99.1425,-121.292366,0.0,top
D56,SBR8U60P5-13,POWERDI-5_L5.4-W4.0-LS6.5-RD,139.062,-64.9335,0.0,top
D57,SBR8U60P5-13,POWERDI-5_L5.4-W4.0-LS6.5-RD,139.062,-70.711,0.0,top
D58,SS16T3G,SMA_L4.4-W2.8-LS5.4-RD,51.85375,-57.4155,0.0,top
D61,BZT52C15,SOD-123_L2.7-W1.6-LS3.7-RD,96.715,-33.3405,0.0,top
D62,BZT52C15,SOD-123_L2.7-W1.6-LS3.7-RD,132.185,-120.8005,0.0,top
D64,SS36,SMA_L4.4-W2.6-LS5.0-RD,112.6975,-1.5505,0.0,top
D66,SS16T3G,SMA_L4.4-W2.8-LS5.4-RD,51.85375,-61.796433,0.0,top
D67,SS16T3G,SMA_L4.4-W2.8-LS5.4-RD,51.85375,-66.177366,0.0,top
D68,SS16T3G,SMA_L4.4-W2.8-LS5.4-RD,51.85375,-70.558299,0.0,top
D69,UCLAMP3301P,DFN1006-2L-RD,106.14075,-138.8405,0.0,top
D71,BAT46W-7-F,SOD-123_L2.8-W1.8-LS3.7-RD,99.1425,-124.723299,0.0,top
D72,SS36,SMA_L4.4-W2.6-LS5.0-RD,112.6975,-5.681433,0.0,top
D75,SS36,SMA_L4.4-W2.6-LS5.0-RD,112.6975,-9.812366,0.0,top
D76,SS16T3G,SMA_L4.4-W2.8-LS5.4-RD,37.83375,-137.5555,0.0,top
D77,SS36,SMA_L4.4-W2.6-LS5.0-RD,112.6975,-13.943299,0.0,top
D78,SS36,SMA_L4.4-W2.6-LS5.0-RD,95.3175,-99.4105,0.0,top
D79,SS36,SMA_L4.4-W2.6-LS5.0-RD,95.3175,-103.541433,0.0,top
D82,TPD4E02B04DQAR,USON-10_L2.5-W1.0-P0.50-BL,106.460433,-98.8175,270.0,top
D83,TPD4E02B04DQAR,USON-10_L2.5-W1.0-P0.50-BL,133.130433,-126.9575,270.0,top
D84,SMF13A,SOD-123FL_L2.8-W1.8-LS3.6-RD,11.445,-86.881433,0.0,top
D85,SMF13A,SOD-123FL_L2.8-W1.8-LS3.6-RD,11.445,-90.312366,0.0,top
D86,SMF13A,SOD-123FL_L2.8-W1.8-LS3.6-RD,11.445,-93.743299,0.0,top
D87,MMSZ5242B,SOD-123_L2.7-W1.6-LS3.7-RD,82.925,-152.8605,0.0,top
D88,BZT52C5V6,SOD-123_L2.8-W1.8-LS3.7-RD,83.0025,-149.5305,0.0,top
DC1,20V Supply,DC-IN-TH_DC005,77.0605,-56.820433,0.0,top
ESC-6V1,PZ254V-11-02P,HDR-TH_2P-P2.54-V-M,26.450433,-136.8605,0.0,top
ESC-6V2,PZ254V-11-02P,HDR-TH_2P-P2.54-V-M,26.450433,-140.991433,0.0,top
ESC1,XL-0201UBC,LED-SMD_L0.7-W0.4-RD_BLUE,135.21,-29.158299,0.0,top
F1,XF-507P,CONN-TH_XF-507P,29.820433,-17.9705,0.0,top
F10,0466001.NRHF,F1206,96.69475,-26.73875,0.0,top
F11,JK-nSMD050-30,F1206,96.69475,-30.07625,0.0,top
F13,JK-nSMD050-30,F1206,104.92475,-125.64875,0.0,top
F6,0466001.NRHF,F1206,39.30475,-35.07875,0.0,top
F7,0466001.NRHF,F1206,39.30475,-38.41625,0.0,top
F8,0466001.NRHF,F1206,39.30475,-41.75375,0.0,top
F9,0466001.NRHF,F1206,39.30475,-45.09125,0.0,top
H1,EXT,HDR-TH_2P-P2.54-V-M,90.950433,-18.8605,0.0,top
H2,PZ254V-11-02P,HDR-TH_2P-P2.54-V-M,118.950433,-51.8405,0.0,top
H3,TSW-104-08-T-T-RA,HDR-TH_12P-P2.54-H-M-R3-C4_TSW-104-08-XXX-T-RA,5.410433,-109.685,0.0,top
H4,TSW-104-08-T-T-RA,HDR-TH_12P-P2.54-H-M-R3-C4_TSW-104-08-XXX-T-RA,17.201366,-109.685,0.0,top
H5,PZ254V-11-02P,HDR-TH_2P-P2.54-V-M,69.320433,-108.0105,0.0,top
H6,PZ254V-11-02P,HDR-TH_2P-P2.54-V-M,90.950433,-22.991433,0.0,top
L6,1.5uH,IND-SMD_L7.1-W6.5-P5.60,137.705,-3.5505,0.0,top
L7,BLM18AG601SN1D,L0603,110.51025,-98.58625,0.0,top
LED1,PSC-1608U50GC-G4,LED0603-RD_GREEN,153.4445,-47.3815,0.0,top
LED2,19-217UYOC/S3112/TR8,LED0603-RD,153.4445,-50.034,0.0,top
Q16,L2N7002SLLT1G,SOT-23-3_L3.0-W1.7-P0.95-LS2.9-BR,128.16525,-35.2105,270.0,top
Q32,DMN4800LSSL-13,SO-8_L4.9-W3.9-P1.27-LS5.9-BL,126.974,-12.148,0.0,top
Q41,IPT012N08N5(TOKMAS),HSOF-8_IPT007N06N,5.609,-7.072,0.0,top
Q42,IPT012N08N5(TOKMAS),HSOF-8_IPT007N06N,17.766,-7.072,0.0,top
Q43,BSS123NH6327,SOT-23-3_L2.9-W1.3-P1.90-LS2.4-BR,21.64,-42.7505,270.0,top
Q44,"BSS84AK,215",SOT-23_L2.9-W1.3-P1.90-LS2.4-BR,41.875,-12.0405,270.0,top
Q45,ZXMP10A17GTA,SOT-223-3_L6.5-W3.4-P2.30-LS7.0-BR,34.495,-3.5505,180.0,top
Q46,L2N7002SLLT1G,SOT-23-3_L3.0-W1.7-P0.95-LS2.9-BR,76.24525,-35.6405,270.0,top
Q51,ME50P06-G,TO-252-2_L6.6-W6.1-P4.57-LS9.9-TL-CW,141.072,-58.050433,0.0,top
Q54,SI2309A,SOT-23-3_L2.9-W1.3-P1.90-LS2.4-BR,118.38,-32.9305,270.0,top
Q56,DMP3028LK3-13,TO-252-2_L6.6-W6.1-P4.58-LS9.9-TL,120.119,-126.650433,0.0,top
Q58,CSD17577Q5A,DFN-8_L5.8-W4.9-P1.27-LS6.0-BL-1,50.9095,-45.115,270.0,top
Q60,CSD17577Q5A,DFN-8_L5.8-W4.9-P1.27-LS6.0-BL-1,57.577,-45.115,270.0,top
Q61,CSD17577Q5A,DFN-8_L5.8-W4.9-P1.27-LS6.0-BL-1,64.2445,-45.115,270.0,top
Q62,CSD17577Q5A,DFN-8_L5.8-W4.9-P1.27-LS6.0-BL-1,70.912,-45.115,270.0,top
Q63,L2N7002SLLT1G,SOT-23-3_L3.0-W1.7-P0.95-LS2.9-BR,118.95525,-1.8005,270.0,top
Q64,L2N7002SLLT1G,SOT-23-3_L3.0-W1.7-P0.95-LS2.9-BR,104.47525,-121.6505,270.0,top
Q65,L2N7002SLLT1G,SOT-23-3_L3.0-W1.7-P0.95-LS2.9-BR,118.95525,-6.431433,270.0,top
Q66,L2N7002SLLT1G,SOT-23-3_L3.0-W1.7-P0.95-LS2.9-BR,149.85525,-56.2205,270.0,top
Q67,CSD17577Q5A,DFN-8_L5.8-W4.9-P1.27-LS6.0-BL-1,118.9995,-45.115,270.0,top
Q68,CSD17577Q5A,DFN-8_L5.8-W4.9-P1.27-LS6.0-BL-1,36.8895,-130.705,270.0,top
Q69,L2N7002SLLT1G,SOT-23-3_L3.0-W1.7-P0.95-LS2.9-BR,118.95525,-11.062366,270.0,top
Q70,SIRA99DP-T1-GE3,POWERPAK-SO-8_L5.9-W4.9-P1.27-LS6.2-BL,78.3,-20.895,0.0,top
Q71,L2N7002SLLT1G,SOT-23-3_L3.0-W1.7-P0.95-LS2.9-BR,82.45525,-145.5005,270.0,top
Q72,AO3401A,SOT-23_L2.9-W1.3-P1.90-LS2.4-BR,87.275,-145.4505,270.0,top
R101,100kΩ,R0201,123.50775,-131.71675,0.0,top
R144,10Ω,R0402,126.54025,-96.229933,0.0,top
R145,10Ω,R0402,126.54025,-98.385116,0.0,top
R146,10Ω,R0402,126.54025,-100.540299,0.0,top
R147,10Ω,R0402,126.54025,-102.695482,0.0,top
R148,10Ω,R0402,126.54025,-104.850665,0.0,top
R149,10Ω,R0402,126.54025,-107.005848,0.0,top
R174,0Ω,R0603,126.31,-63.63375,0.0,top
R175,220kΩ,R0201,143.47775,-0.46675,0.0,top
R176,30kΩ,R0201,143.47775,-2.413933,0.0,top
R180,909kΩ,R0201,123.50775,-133.663933,0.0,top
R181,909kΩ,R0201,124.57775,-23.20675,0.0,top
R182,909kΩ,R0201,123.50775,-135.611116,0.0,top
R278,0Ω,R0402,124.90025,-17.63475,0.0,top
R284,0Ω,R0201,134.32775,-93.96675,0.0,top
R285,0Ω,R0201,134.32775,-95.913933,0.0,top
R286,0Ω,R0201,134.32775,-97.861116,0.0,top
R287,0Ω,R0201,134.32775,-99.808299,0.0,top
R288,0Ω,R0201,134.32775,-101.755482,0.0,top
R289,0Ω,R0201,134.32775,-103.702665,0.0,top
R290,1MΩ,R0201,124.57775,-25.153933,0.0,top
R291,330Ω,R0201,124.57775,-27.101116,0.0,top
R292,470Ω,R0201,124.57775,-29.048299,0.0,top
R293,1.2kΩ,R0201,124.57775,-30.995482,0.0,top
R294,1.2kΩ,R0201,124.57775,-32.942665,0.0,top
R310,47kΩ,R0201,143.47775,-4.361116,0.0,top
R336,1.2kΩ,R0201,124.57775,-34.889848,0.0,top
R342,100Ω,R1206,104.96725,-114.38525,0.0,top
R343,20Ω,R0603,78.04,-113.96675,0.0,top
R344,20Ω,R0603,78.04,-116.44025,0.0,top
R345,20Ω,R0603,78.04,-118.91375,0.0,top
R346,20Ω,R0603,78.04,-121.38725,0.0,top
R348,100Ω,R0603,78.04,-123.86075,0.0,top
R349,100Ω,R0603,78.04,-126.33425,0.0,top
R350,10K,R0402,30.45025,-44.80475,0.0,top
R351,10K,R0402,30.45025,-46.959933,0.0,top
R353,10MΩ,R0603,21.26,-22.28675,0.0,top
R354,100Ω,R0603,21.26,-24.76025,0.0,top
R355,10MΩ,R0603,21.26,-27.23375,0.0,top
R357,47Ω,R0603,21.26,-29.70725,0.0,top
R358,47Ω,R0603,21.26,-32.18075,0.0,top
R359,10MΩ,R0603,25.3,-22.28675,0.0,top
R360,10kΩ,R0603,25.3,-24.76025,0.0,top
R361,470Ω,R0603,25.3,-27.23375,0.0,top
R362,100Ω,R0603,25.3,-29.70725,0.0,top
R363,1kΩ,R0603,25.3,-32.18075,0.0,top
R364,68kΩ,R0603,29.34,-22.28675,0.0,top
R365,47Ω,R0603,29.34,-24.76025,0.0,top
R367,1MΩ,R0603,29.34,-27.23375,0.0,top
R368,68kΩ,R0603,29.34,-29.70725,0.0,top
R370,100kΩ,R0402,62.48025,-35.83475,0.0,top
R374,5.1kΩ,R0603,82.08,-113.96675,0.0,top
R375,5.1kΩ,R0603,82.08,-116.44025,0.0,top
R376,10kΩ,R0603,82.08,-118.91375,0.0,top
R377,10kΩ,R0603,82.08,-121.38725,0.0,top
R378,1mΩ,R3920,25.836,-36.958,0.0,top
R381,60mΩ,R2512,150.82225,-43.52275,0.0,top
R382,100Ω,R0603,67.63,-62.82675,0.0,top
R384,1kΩ,R0603,89.6,-0.73675,0.0,top
R385,100kΩ,R0603,89.6,-3.21025,0.0,top
R389,19.1kΩ,R0805,133.525,-124.01325,0.0,top
R391,10Ω,R0603,111.87,-113.96675,0.0,top
R392,30kΩ,R0603,111.87,-116.44025,0.0,top
R393,100kΩ,R0603,126.31,-66.10725,0.0,top
R394,5.76kΩ,R0603,126.31,-68.58075,0.0,top
R399,20kΩ,R0603,67.63,-65.30025,0.0,top
R400,11kΩ,R0603,67.63,-67.77375,0.0,top
R401,442kΩ,R0603,67.63,-70.24725,0.0,top
R404,10kΩ,R0603,89.6,-5.68375,0.0,top
R405,40.2kΩ,R0603,89.6,-8.15725,0.0,top
R407,15.8kΩ,R0603,89.6,-10.63075,0.0,top
R408,1MΩ,R0603,126.31,-71.05425,0.0,top
R409,3.92kΩ,R0603,67.63,-72.72075,0.0,top
R410,1.58kΩ,R0603,67.63,-75.19425,0.0,top
R412,100Ω,R0603,71.67,-62.82675,0.0,top
R413,100Ω,R0603,71.67,-65.30025,0.0,top
R414,100Ω,R0603,71.67,-67.77375,0.0,top
R415,40Ω,TO-263-2_L10.1-W8.8-P5.08-LS15.4-TL,8.479,-38.067,0.0,top
R416,82kΩ,R0603,82.08,-123.86075,0.0,top
R417,100kΩ,R0603,89.6,-13.10425,0.0,top
R418,100kΩ,R0603,82.08,-126.33425,0.0,top
R422,10kΩ,R0603,89.6,-15.57775,0.0,top
R423,23.2kΩ,R0603,93.64,-0.73675,0.0,top
R424,20kΩ,R0603,93.64,-3.21025,0.0,top
R426,100kΩ,R0603,19.78,-124.72675,0.0,top
R427,4.7kΩ,R0603,19.78,-127.20025,0.0,top
R428,4.7kΩ,R0603,93.64,-5.68375,0.0,top
R430,10kΩ,R0402,58.15025,-144.660299,0.0,top
R431,10kΩ,R0402,61.19075,-138.19475,0.0,top
R432,10kΩ,R0402,139.59025,-113.80475,0.0,top
R433,10kΩ,R0402,139.59025,-115.959933,0.0,top
R434,10kΩ,R0402,139.59025,-118.115116,0.0,top
R435,10kΩ,R0402,139.59025,-120.270299,0.0,top
R436,10kΩ,R0402,139.59025,-122.425482,0.0,top
R437,10kΩ,R0402,139.59025,-124.580665,0.0,top
R438,47Ω,R0603,143.13,-113.96675,0.0,top
R439,47Ω,R0603,143.13,-116.44025,0.0,top
R440,47Ω,R0603,143.13,-118.91375,0.0,top
R441,47Ω,R0603,143.13,-121.38725,0.0,top
R442,47Ω,R0603,143.13,-123.86075,0.0,top
R443,10kΩ,R0402,151.71025,-136.27475,0.0,top
R444,100kΩ,R0603,93.64,-8.15725,0.0,top
R445,47Ω,R0603,19.78,-129.67375,0.0,top
R446,10Ω,R0402,61.19075,-140.349933,0.0,top
R447,10Ω,R0402,61.19075,-142.505116,0.0,top
R448,0Ω,R0201,55.43775,-138.08675,0.0,top
R449,0Ω,R0201,55.43775,-140.033933,0.0,top
R450,10Ω,R0402,61.19075,-144.660299,0.0,top
R451,10Ω,R0402,64.23125,-138.19475,0.0,top
R452,0Ω,R0201,55.43775,-141.981116,0.0,top
R453,0Ω,R0201,55.43775,-143.928299,0.0,top
R454,10Ω,R0402,64.23125,-140.349933,0.0,top
R455,10Ω,R0402,64.23125,-142.505116,0.0,top
R456,0Ω,R0201,55.43775,-145.875482,0.0,top
R457,0Ω,R0201,55.43775,-147.822665,0.0,top
R458,100kΩ,R0603,116.11,-58.85675,0.0,top
R459,11kΩ,R0603,116.11,-61.33025,0.0,top
R460,36.5kΩ,R0603,116.11,-63.80375,0.0,top
R461,100kΩ,R0603,71.67,-70.24725,0.0,top
R462,100kΩ,R0603,71.67,-72.72075,0.0,top
R464,100kΩ,R0603,71.67,-75.19425,0.0,top
R465,100kΩ,R0603,75.71,-62.82675,0.0,top
R467,100kΩ,R0603,116.11,-66.27725,0.0,top
R468,4.7kΩ,R0603,116.11,-68.75075,0.0,top
R469,7mΩ,R2512,103.46225,-72.08275,0.0,top
R470,100kΩ,R0603,93.64,-10.63075,0.0,top
R471,10kΩ,R0603,86.12,-113.96675,0.0,top
R472,47Ω,R0603,140.09,-133.76675,0.0,top
R473,100kΩ,R0603,86.12,-116.44025,0.0,top
R474,47Ω,R0603,140.09,-136.24025,0.0,top
R475,47Ω,R0603,140.09,-138.71375,0.0,top
R476,100kΩ,R0603,126.31,-73.52775,0.0,top
R477,21kΩ,R0603,111.87,-118.91375,0.0,top
R478,100Ω,R1206,104.96725,-117.69575,0.0,top
R480,47Ω,R0603,140.09,-141.18725,0.0,top
R481,100Ω,R0603,55.78,-123.94675,0.0,top
R482,100kΩ,R0402,64.60025,-114.65475,0.0,top
R483,20kΩ,R0603,55.78,-126.42025,0.0,top
R484,100kΩ,R0603,111.87,-121.38725,0.0,top
R485,47Ω,R0603,144.13,-133.76675,0.0,top
R489,4.7kΩ,R0603,93.64,-13.10425,0.0,top
R490,4.7kΩ,R0603,93.64,-15.57775,0.0,top
R491,2.2kΩ,R0603,97.68,-0.73675,0.0,top
R492,2.2kΩ,R0603,97.68,-3.21025,0.0,top
R493,100kΩ,R0603,111.87,-123.86075,0.0,top
R494,100kΩ,R0603,111.87,-126.33425,0.0,top
R495,100kΩ,R0603,86.12,-118.91375,0.0,top
R496,47Ω,R0603,144.13,-136.24025,0.0,top
R497,100kΩ,R0603,71.83,-34.57675,0.0,top
R498,100kΩ,R0402,64.60025,-116.809933,0.0,top
R500,100kΩ,R0402,64.60025,-118.965116,0.0,top
R501,47Ω,R0603,144.13,-138.71375,0.0,top
R502,26.7kΩ,R0603,55.78,-128.89375,0.0,top
R504,47Ω,R0603,144.13,-141.18725,0.0,top
R505,47Ω,R0603,148.17,-133.76675,0.0,top
R506,47Ω,R0603,148.17,-136.24025,0.0,top
R507,47Ω,R0603,148.17,-138.71375,0.0,top
R508,47Ω,R0603,148.17,-141.18725,0.0,top
R509,47kΩ,R0603,55.78,-131.36725,0.0,top
R510,0Ω,R0603,55.78,-133.84075,0.0,top
R511,100Ω,R0603,116.11,-71.22425,0.0,top
R512,100kΩ,R0603,116.11,-73.69775,0.0,top
R513,100Ω,R0603,19.78,-132.14725,0.0,top
R514,100kΩ,R0603,19.78,-134.62075,0.0,top
R515,11.3kΩ,R0603,19.78,-137.09425,0.0,top
R516,100kΩ,R0603,71.83,-37.05025,0.0,top
R517,1mΩ,R3920,76.406,-29.798,0.0,top
R518,5.1kΩ,R0603,101.2,-106.94675,0.0,top
R519,5.1kΩ,R0603,101.2,-109.42025,0.0,top
R520,16mΩ,R2512,120.51225,-95.53275,0.0,top
R521,16mΩ,R2512,120.51225,-100.59825,0.0,top
R522,16mΩ,R2512,120.51225,-105.66375,0.0,top
R524,220Ω,R0603,72.0,-91.85675,0.0,top
R525,220Ω,R0603,72.0,-94.33025,0.0,top
R527,10kΩ,R0603,97.68,-5.68375,0.0,top
R528,232kΩ,R0603,97.68,-8.15725,0.0,top
R529,100kΩ,R0603,97.68,-10.63075,0.0,top
R530,10kΩ,R0603,97.68,-13.10425,0.0,top
R531,309kΩ,R0603,97.68,-15.57775,0.0,top
R534,100Ω,R0603,75.71,-65.30025,0.0,top
R535,19.1Ω,R0603,75.71,-67.77375,0.0,top
R536,100kΩ,R0603,75.71,-70.24725,0.0,top
R538,100kΩ,R0603,75.71,-72.72075,0.0,top
R539,10kΩ,R0603,111.87,-128.80775,0.0,top
R540,10Ω,R0402,38.77025,-68.25475,0.0,top
R541,10Ω,R0402,38.77025,-70.409933,0.0,top
R542,10Ω,R0402,38.77025,-72.565116,0.0,top
R543,10Ω,R0402,38.77025,-74.720299,0.0,top
R544,10Ω,R0402,38.77025,-76.875482,0.0,top
R545,10Ω,R0402,38.77025,-79.030665,0.0,top
R546,10kΩ,R0402,38.77025,-81.185848,0.0,top
R547,10kΩ,R0402,38.77025,-83.341031,0.0,top
R548,0Ω,R0201,15.56775,-82.71675,0.0,top
R549,0Ω,R0201,15.56775,-84.663933,0.0,top
R550,0Ω,R0201,15.56775,-86.611116,0.0,top
R551,0Ω,R0201,15.56775,-88.558299,0.0,top
R552,0Ω,R0201,15.56775,-90.505482,0.0,top
R553,0Ω,R0201,15.56775,-92.452665,0.0,top
R554,16mΩ,R2512,4.01225,-84.28275,0.0,top
R555,16mΩ,R2512,4.01225,-89.34825,0.0,top
R556,16mΩ,R2512,4.01225,-94.41375,0.0,top
R558,10kΩ,R0603,147.45,-34.07675,0.0,top
R559,100kΩ,R0603,78.04,-144.43675,0.0,top
R560,100kΩ,R0603,78.04,-146.91025,0.0,top
R561,10kΩ,R0603,78.04,-149.38375,0.0,top
R562,180kΩ,R0603,78.04,-151.85725,0.0,top
R563,51kΩ,R0603,78.04,-154.33075,0.0,top
R57,100Ω,R0402,137.88025,-23.31475,0.0,top
R59,510Ω,R0402,137.88025,-25.469933,0.0,top
R60,510Ω,R0402,137.88025,-27.625116,0.0,top
R67,10kΩ,R0402,58.15025,-138.19475,0.0,top
R68,10kΩ,R0402,58.15025,-140.349933,0.0,top
R69,10kΩ,R0402,58.15025,-142.505116,0.0,top
R71,10kΩ,R0402,126.54025,-94.07475,0.0,top
R80,105kΩ,R0603,126.31,-58.68675,0.0,top
R81,24.9kΩ,R0603,126.31,-61.16025,0.0,top
R83,120Ω,R0402,129.85025,-58.52475,0.0,top
R84,10kΩ,R0402,129.85025,-60.679933,0.0,top
R87,1kΩ,R0402,129.85025,-62.835116,0.0,top
R88,1kΩ,R0402,129.85025,-64.990299,0.0,top
R89,10kΩ,R0402,129.85025,-67.145482,0.0,top
R90,10kΩ,R0402,129.85025,-69.300665,0.0,top
R92,100Ω,R0402,129.85025,-71.455848,0.0,top
R93,100Ω,R0402,129.85025,-73.611031,0.0,top
RN1,10kΩ,RES-ARRAY-SMD_0603-8P-L3.2-W1.6-BL,130.5305,-106.9,0.0,top
SW11,TL3305AF160QG,KEY-SMD_4P-L4.5-W4.5-P3.00-LS6.9,81.045,-138.1205,0.0,top
SW8,DSHP04TS-S,SW-SMD_8P-L6.7-W5.4-P1.27-LS8.5,129.900433,-27.575,0.0,top
U103,220uF,CAP-SMD_BD6.3-L6.6-W6.6-LS7.0-FD,128.255,-3.6005,0.0,top
U112,BQ7694202PFBR,TQFP-48_L7.0-W7.0-P0.50-LS9.0-TL,94.015,-134.645,270.0,top
U115,LTM8055IY#PBF,BGA-121_L15.0-W15.0-R11-C11-P1.27-TL,107.280433,-49.320433,0.0,top
U120,PMEG10030ELPX,SOD-128_L3.7-W2.5-LS4.7-RD,103.49,-130.7955,0.0,top
U126,15uH,IND-SMD_2P-L11.3-W10.0-XAL1010-153MED,140.510433,-47.4405,0.0,top
U127,LM5050MKX-1/NOPB,TSOT-23-6_L2.9-W1.6-P0.95-LS2.8-BL,49.770433,-52.365,180.0,top
U133,TPS16630RGER,VFQFPN-24_L4.0-W4.0-P0.50-BL-EP2.8,77.285,-44.115,0.0,top
U134,~,SOLDERJUMPER_CLOSED,82.763,-42.6075,0.0,top
U139,~,SOLDERJUMPER_CLOSED,82.763,-45.8425,0.0,top
U140,"PCA9685PW,118",TSSOP-28_L9.7-W4.4-P0.65-LS6.4-TL,150.02675,-118.410433,270.0,top
U141,PCAL6524HEAZ,HQFN-32_L5.0-W5.0-P0.50-BL-EP3.0,141.645,-145.995,0.0,top
U143,~,SOLDERJUMPER_CLOSED,152.303,-125.6775,0.0,top
U144,~,SOLDERJUMPER_CLOSED,152.303,-128.9125,0.0,top
U145,~,Solder-Jumper-Arrow-Open,147.593,-125.6775,0.0,top
U146,~,Solder-Jumper-Arrow-Open,147.593,-128.9125,0.0,top
U147,TPSM33625RDNR,QFN-11_L4.5-W3.5-P0.50-TL_TPSM365R6FRDNR,112.1805,-27.35,0.0,top
U148,68uF,CAP-SMD_BD6.3-L6.6-W6.6-FD,129.485,-53.321433,0.0,top
U150,LM5050MKX-1/NOPB,TSOT-23-6_L2.9-W1.6-P0.95-LS2.8-BL,54.301366,-52.365,180.0,top
U151,LM5050MKX-1/NOPB,TSOT-23-6_L2.9-W1.6-P0.95-LS2.8-BL,58.832299,-52.365,180.0,top
U152,LM5050MKX-1/NOPB,TSOT-23-6_L2.9-W1.6-P0.95-LS2.8-BL,63.363232,-52.365,180.0,top
U153,NCP718ASN330T1G,TSOT-23-5_L2.9-W1.6-P0.95-LS2.8-BL,102.359,-135.295,180.0,top
U154,TPSM33625RDNR,QFN-11_L4.5-W3.5-P0.50-TL_TPSM365R6FRDNR,118.456,-27.35,0.0,top
U155,MT9700-N,SOT-23-5_L2.9-W1.6-P0.95-LS2.9-BL,36.430433,-101.315,270.0,top
U156,150uF,CAP-SMD_BD6.3-L6.6-W6.6-LS7.4-FD,28.275,-130.6805,0.0,top
U157,~,Solder-Jumper-Arrow-Open,35.913,-141.3775,0.0,top
U158,~,SOLDERJUMPER_CLOSED,152.373,-144.0375,0.0,top
U159,~,SOLDERJUMPER_CLOSED,152.373,-147.2725,0.0,top
U160,~,Solder-Jumper-Arrow-Open,147.663,-144.0375,0.0,top
U161,~,Solder-Jumper-Arrow-Open,147.663,-147.2725,0.0,top
U166,68uF,CAP-SMD_BD6.3-L6.6-W6.6-LS7.4-FD,93.755,-61.552366,0.0,top
U168,MCP4725A0T-E/CH,SOT-23-6_L2.9-W1.6-P0.95-LS2.8-BL,110.439,-72.01,270.0,top
U170,~,SOLDERJUMPER_CLOSED,117.933,-55.5375,0.0,top
U172,~,Solder-Jumper-Arrow-Open,102.333,-139.3575,0.0,top
U173,TPSM63610RDFR,QFN-22_L7.5-W6.5_TLVM13610RDFR,58.86,-118.160433,0.0,top
U174,~,SOLDERJUMPER_CLOSED,60.153,-131.2575,0.0,top
U176,TCA9517DGKRQ1,VSSOP-8_L3.0-W3.0-P0.65-LS5.0-BL,128.75,-126.257,180.0,top
U178,~,SOLDERJUMPER_CLOSED,128.693,-131.6075,0.0,top
U179,~,SOLDERJUMPER_CLOSED,128.693,-134.8425,0.0,top
U180,LM5050MKX-1/NOPB,TSOT-23-6_L2.9-W1.6-P0.95-LS2.8-BL,95.910433,-68.255,180.0,top
U181,LM5050MKX-1/NOPB,TSOT-23-6_L2.9-W1.6-P0.95-LS2.8-BL,37.240433,-122.775,180.0,top
U182,INA226AIDGSR,MSOP-10_L3.0-W3.0-P0.50-LS5.0-BL,67.513,-29.945,0.0,top
U183,Teensy4.0,Teensy40,95.645,-87.895,0.0,top
U186,LSM6DSOXTR,LGA-14L_L3.0-W2.5-P0.50-TL,147.858,-30.790433,0.0,top
U191,CH343P,TQFN-16_L3.0-W3.0-P0.50-BL-EP1.7,101.78,-99.96,0.0,top
U200,WS2815F,LED-SMD_6P-L5.0-W5.0-TL,51.64,-81.760433,0.0,top
U201,WS2815F,LED-SMD_6P-L5.0-W5.0-TL,51.64,-88.391366,0.0,top
U202,WS2815F,LED-SMD_6P-L5.0-W5.0-TL,51.64,-95.022299,0.0,top
U203,WS2815F,LED-SMD_6P-L5.0-W5.0-TL,51.64,-101.653232,0.0,top
U204,"74AHCT1G125GW,125-JSM",SOT-353_L2.1-W1.3-P0.65-LS2.3-BL,67.970255,-103.635,180.0,top
U205,WS2815F,LED-SMD_6P-L5.0-W5.0-TL,51.64,-108.284165,0.0,top
U206,"74AHCT1G125GW,125-JSM",SOT-353_L2.1-W1.3-P0.65-LS2.3-BL,71.87501,-103.635,180.0,top
U207,ZX-VH3.96-4PWZ,CONN-TH_ZX-VH3.96-4PWZ,64.310433,-80.505,0.0,top
U210,TPS3700DDCR,SOT-23-6_L2.9-W1.6-P0.95-LS2.8-BL,96.759,-19.27,270.0,top
U211,ADS1115IDGST,VSSOP-10_L3.0-W3.0-P0.50-LS4.9-BL,84.260433,-53.565,270.0,top
U212,~,SOLDERJUMPER_CLOSED,143.753,-23.8575,0.0,top
U213,~,SOLDERJUMPER_CLOSED,143.753,-27.0925,0.0,top
U214,~,Solder-Jumper-Arrow-Open,148.543,-23.8575,0.0,top
U215,~,Solder-Jumper-Arrow-Open,148.543,-27.0925,0.0,top
U216,TPS22965DSGR,UDFN-8_L2.0-W2.0-P0.50-TL-EP,87.92,-153.090433,0.0,top
U43,HUSB238A-BB001-QN16R,QFN-16_L3.0-W3.0-P0.50-BL-EP1.7,133.555,-132.505,270.0,top
U44,CN3722,TSSOP-16_L5.0-W4.4-P0.65-LS6.4-BL,147.139,-66.65675,270.0,top
U47,LM74700QDBVRQ1,SOT-23-6_L2.9-W1.6-P0.95-LS2.8-BL,135.589,-10.19,270.0,top
U49,8mΩ,R1206,136.00725,-14.30525,0.0,top
U81,DS1021-2x13SF11-B,HDR-TH_26P-P2.54-V-M-R2-C13-S2.54,16.840433,-102.2405,0.0,top
USB1,TYPE-C 16PIN 2MD(073),USB-C-SMD_TYPE-C-6PIN-2MD-073,85.75,-101.235,0.0,top
USBC1,TYPE-C-31-M-12,USB-C_SMD-TYPE-C-31-M-12,119.59,-116.754,0.0,top
VCC1,XL-0201UBC,LED-SMD_L0.7-W0.4-RD_BLUE,135.21,-31.139232,0.0,top
