"Refs","Value","Footprint","Qty","DNP"
"+ESC-CONNECTOR-1","XT60PW-M","5v rail sm-easyedapro:CONN-TH_XT60PW-M","1",""
"-BatMains+1","XT60PW-M","5v rail sm-easyedapro:CONN-TH_XT60PW-M","1",""
"AnyPower1","XL-1608UBC-04","JLCImport:XL-1608UBC-04","1",""
"BatBalConn1","ZX-XH2_54-4PWZ","JLCImport:ZX-XH2_54-4PWZ","1",""
"C1","10uF","5v rail sm-easyedapro:C0805","1",""
"C2","100nF","5v rail sm-easyedapro:C0603","1",""
"C3","10uF","5v rail sm-easyedapro:C0805","1",""
"C4","100nF","5v rail sm-easyedapro:C0603","1",""
"C5","10uF","5v rail sm-easyedapro:C0805","1",""
"C6","100nF","5v rail sm-easyedapro:C0603","1",""
"C7","217EC0037","JLCImport:217EC0037","1",""
"C8","ERA16V4700M13X25","JLCImport:ERA16V4700M13X25","1",""
"C10","HGC1206R5107M100NSPJ","JLCImport:HGC1206R5107M100NSPJ","1",""
"C11","HGC1206R5107M100NSPJ","JLCImport:HGC1206R5107M100NSPJ","1",""
"C12","HGC1206R5107M100NSPJ","JLCImport:HGC1206R5107M100NSPJ","1",""
"C13","4700uF","5v rail sm-easyedapro:CAP-TH_BD16.0-P7.50-D0.8-FD","1",""
"C14","100nF","5v rail sm-easyedapro:C0603","1",""
"C15","1uF","5v rail sm-easyedapro:C0603","1",""
"C16","1uF","5v rail sm-easyedapro:C0603","1",""
"C18","470nF","5v rail sm-easyedapro:C0603","1",""
"C19","470nF","5v rail sm-easyedapro:C0603","1",""
"C20","22uF","5v rail sm-easyedapro:C0805","1",""
"C21","22uF","5v rail sm-easyedapro:C0805","1",""
"C22","100nF","5v rail sm-easyedapro:C0402","1",""
"C23","100nF","5v rail sm-easyedapro:C0603","1",""
"C24","100nF","5v rail sm-easyedapro:C0603","1",""
"C25","100nF","5v rail sm-easyedapro:C0603","1",""
"C26","100nF","5v rail sm-easyedapro:C0402","1",""
"C27","100nF","5v rail sm-easyedapro:C0402","1",""
"C28","470pF","5v rail sm-easyedapro:C0402","1",""
"C29","220nF","5v rail sm-easyedapro:C0603","1",""
"C30","100nF","5v rail sm-easyedapro:C0402","1",""
"C31","2pF","5v rail sm-easyedapro:C0402","1",""
"C32","RVT1H220M0605","JLCImport:RVT1H220M0605","1",""
"C33","1uF","5v rail sm-easyedapro:C0603","1",""
"C34","100nF","5v rail sm-easyedapro:C0603","1",""
"C35","1uF","5v rail sm-easyedapro:C0603","1",""
"C36","100nF","5v rail sm-easyedapro:C0603","1",""
"C37","1uF","5v rail sm-easyedapro:C0603","1",""
"C38","100nF","5v rail sm-easyedapro:C0603","1",""
"C39","100nF","5v rail sm-easyedapro:C0603","1",""
"C40","10uF","5v rail sm-easyedapro:C0805","1",""
"C41","10nF","5v rail sm-easyedapro:C0201","1",""
"C42","10nF","5v rail sm-easyedapro:C0201","1",""
"C43","10nF","5v rail sm-easyedapro:C0201","1",""
"C44","10uF","5v rail sm-easyedapro:C0805","1",""
"C45","100nF","5v rail sm-easyedapro:C0603","1",""
"C46","10uF","5v rail sm-easyedapro:C0805","1",""
"C47","100nF","5v rail sm-easyedapro:C0603","1",""
"C48","10uF","5v rail sm-easyedapro:C0805","1",""
"C49","100nF","5v rail sm-easyedapro:C0603","1",""
"C50","100uF","5v rail sm-easyedapro:CAP-SMD_BD6.3-L6.6-W6.6-LS7.6-RD","1",""
"C51","4.7uF","5v rail sm-easyedapro:C0805","1",""
"C52","4.7uF","5v rail sm-easyedapro:C0805","1",""
"C53","100nF","5v rail sm-easyedapro:C0603","1",""
"C54","1uF","5v rail sm-easyedapro:C0603","1",""
"C55","220nF","5v rail sm-easyedapro:C0603","1",""
"C56","100nF","5v rail sm-easyedapro:C0603","1",""
"C57","100nF","5v rail sm-easyedapro:C0603","1",""
"C58","22uF","5v rail sm-easyedapro:C0805","1",""
"C59","47uF","5v rail sm-easyedapro:CAP-SMD_BD6.3-L6.6-W6.6-LS7.6-FD","1",""
"C60","470uF","5v rail sm-easyedapro:CAP-SMD_BD10.0-L10.3-W10.3-LS11.0-R-RD","1",""
"C61","1uF","5v rail sm-easyedapro:C0603","1",""
"C62","100nF","5v rail sm-easyedapro:C0603","1",""
"C63","1uF","5v rail sm-easyedapro:C0603","1",""
"C64","100nF","5v rail sm-easyedapro:C0603","1",""
"C65","10uF","5v rail sm-easyedapro:C1210","1",""
"C66","10uF","5v rail sm-easyedapro:C1210","1",""
"C68","100uF","5v rail sm-easyedapro:CAP-SMD_BD5.0-L5.3-W5.3-LS6.3-FD","1",""
"C69","47uF","5v rail sm-easyedapro:C1210","1",""
"C70","47uF","5v rail sm-easyedapro:C1210","1",""
"C71","47uF","5v rail sm-easyedapro:C1210","1",""
"C72","1uF","5v rail sm-easyedapro:C0603","1",""
"C73","100nF","5v rail sm-easyedapro:C0603","1",""
"C74","100nF","5v rail sm-easyedapro:C0603","1",""
"C75","22nF","5v rail sm-easyedapro:C0603","1",""
"C76","1uF","5v rail sm-easyedapro:C0603","1",""
"C77","1uF","5v rail sm-easyedapro:C0603","1",""
"C78","100nF","5v rail sm-easyedapro:C0603","1",""
"C79","22uF","5v rail sm-easyedapro:C0603","1",""
"C80","100nF","5v rail sm-easyedapro:C0603","1",""
"C81","100nF","5v rail sm-easyedapro:C0603","1",""
"C82","470uF","5v rail sm-easyedapro:CAP-SMD_BD6.3-L6.6-W6.6-LS7.6-RD","1",""
"C83","100nF","5v rail sm-easyedapro:C0603","1",""
"C84","100nF","5v rail sm-easyedapro:C0603","1",""
"C85","470uF","5v rail sm-easyedapro:CAP-SMD_BD6.3-L6.6-W6.6-LS7.6-RD","1",""
"C87","10uF","5v rail sm-easyedapro:C0805","1",""
"C88","100nF","5v rail sm-easyedapro:C0603","1",""
"C89","1uF","5v rail sm-easyedapro:C0603","1",""
"C90","100nF","5v rail sm-easyedapro:C0603","1",""
"C91","100nF","5v rail sm-easyedapro:C0603","1",""
"C92","4.7uF","5v rail sm-easyedapro:C0805","1",""
"C93","1uF","5v rail sm-easyedapro:C0603","1",""
"C94","47uF","5v rail sm-easyedapro:C0805","1",""
"C95","47uF","5v rail sm-easyedapro:C0805","1",""
"C96","100nF","5v rail sm-easyedapro:C0603","1",""
"C97","4.7uF","5v rail sm-easyedapro:C0805","1",""
"C98","47uF","5v rail sm-easyedapro:CAP-SMD_BD6.3-L6.6-W6.6-LS7.6-FD","1",""
"C99","1uF","5v rail sm-easyedapro:C0603","1",""
"C100","22uF","5v rail sm-easyedapro:C1206","1",""
"C101","22uF","5v rail sm-easyedapro:C1206","1",""
"C102","100nF","5v rail sm-easyedapro:C0603","1",""
"C103","10uF","5v rail sm-easyedapro:C0805","1",""
"C104","10nF","5v rail sm-easyedapro:C0201","1",""
"C105","10nF","5v rail sm-easyedapro:C0201","1",""
"C106","10nF","5v rail sm-easyedapro:C0201","1",""
"C107","100nF","5v rail sm-easyedapro:C0603","1",""
"C108","22uF","5v rail sm-easyedapro:C0603","1",""
"C109","100nF","5v rail sm-easyedapro:C0603","1",""
"C110","220nF","5v rail sm-easyedapro:C0603","1",""
"C111","220nF","5v rail sm-easyedapro:C0603","1",""
"C112","220nF","5v rail sm-easyedapro:C0603","1",""
"C113","220nF","5v rail sm-easyedapro:C0603","1",""
"C114","100nF","5v rail sm-easyedapro:C0603","1",""
"C115","100pF","5v rail sm-easyedapro:C0402","1",""
"C116","2.2uF","Capacitor_SMD:C_0603_1608Metric","1",""
"C117","100nF","5v rail sm-easyedapro:C0603","1",""
"C118","1uF","5v rail sm-easyedapro:C0603","1",""
"C119","470nF","5v rail sm-easyedapro:C0603","1",""
"C120","1uF","5v rail sm-easyedapro:C0603","1",""
"C121","100pF","5v rail sm-easyedapro:C0603","1",""
"C122","100nF","5v rail sm-easyedapro:C0603","1",""
"C123","100nF","5v rail sm-easyedapro:C0603","1",""
"C124","100nF","5v rail sm-easyedapro:C0603","1",""
"C125","100nF","5v rail sm-easyedapro:C0603","1",""
"C126","1uF","5v rail sm-easyedapro:C0603","1",""
"C127","100nF","5v rail sm-easyedapro:C0603","1",""
"C128","100nF","5v rail sm-easyedapro:C0603","1",""
"C129","100nF","5v rail sm-easyedapro:C0603","1",""
"C130","1uF","5v rail sm-easyedapro:C0603","1",""
"C131","470nF","5v rail sm-easyedapro:C0603","1",""
"C132","1uF","5v rail sm-easyedapro:C0603","1",""
"C133","470nF","5v rail sm-easyedapro:C0603","1",""
"C134","100nF","5v rail sm-easyedapro:C0603","1",""
"C135","RVT1H220M0605","JLCImport:RVT1H220M0605","1",""
"C136","RVT1H220M0605","JLCImport:RVT1H220M0605","1",""
"C137","RVT1H220M0605","JLCImport:RVT1H220M0605","1",""
"C138","RVT1H220M0605","JLCImport:RVT1H220M0605","1",""
"C139","RVT1H220M0605","JLCImport:RVT1H220M0605","1",""
"C140","RVT1H220M0605","JLCImport:RVT1H220M0605","1",""
"C141","100nF","5v rail sm-easyedapro:C0603","1",""
"C142","100nF","5v rail sm-easyedapro:C0603","1",""
"C143","VKME1651E102MV","JLCImport:VKME1651E102MV","1",""
"C601","10uF","Capacitor_SMD:C_1206_3216Metric","1",""
"C1701","100nF","Capacitor_SMD:C_0603_1608Metric","1",""
"CN1","B2B-XH-A(LF)(SN)","5v rail sm-easyedapro:CONN-TH_B2B-XH-A-LF-SN","1",""
"CN2","5017","5v rail sm-easyedapro:CONN-SMD_5017","1",""
"CN3","DB142R-5_08-8P","JLCImport:DB142R-5_08-8P","1",""
"CN4","EXT","5v rail sm-easyedapro:CONN-TH_2P-P2.50_HX25003-2A","1",""
"CN2301","S4B-XH-A_LF_SN","JLCImport:S4B-XH-A_LF_SN","1",""
"CUR_1","INA3221AIRGVR","5v rail sm-easyedapro:QFN-16_L4.0-W4.0-P0.65-TL-EP2.2","1",""
"CUR_2","INA3221AIRGVR","5v rail sm-easyedapro:QFN-16_L4.0-W4.0-P0.65-TL-EP2.2","1",""
"D1","SMAJ16A","5v rail sm-easyedapro:SMA_L4.3-W2.6-LS5.0-RD","1",""
"D3","SMF13A","5v rail sm-easyedapro:SOD-123FL_L2.8-W1.8-LS3.6-RD","1",""
"D4","SS36","5v rail sm-easyedapro:SMA_L4.4-W2.6-LS5.0-RD","1",""
"D5","SS36","5v rail sm-easyedapro:SMA_L4.4-W2.6-LS5.0-RD","1",""
"D6","SS36","5v rail sm-easyedapro:SMA_L4.4-W2.6-LS5.0-RD","1",""
"D7","SS36","5v rail sm-easyedapro:SMA_L4.4-W2.6-LS5.0-RD","1",""
"D8","SMF5_0A_C2857263","JLCImport:SMF5_0A_C2857263","1",""
"D9","TPD2E2U06DCKR","JLCImport:TPD2E2U06DCKR","1",""
"D10","SMAJ16A","5v rail sm-easyedapro:SMA_L4.3-W2.6-LS5.0-RD","1",""
"D11","SBR8U60P5-13","5v rail sm-easyedapro:POWERDI-5_L5.4-W4.0-LS6.5-RD","1",""
"D12","SBR8U60P5-13","5v rail sm-easyedapro:POWERDI-5_L5.4-W4.0-LS6.5-RD","1",""
"D13","SMF13A","5v rail sm-easyedapro:SOD-123FL_L2.8-W1.8-LS3.6-RD","1",""
"D14","SMF13A","5v rail sm-easyedapro:SOD-123FL_L2.8-W1.8-LS3.6-RD","1",""
"D15","SMF13A","5v rail sm-easyedapro:SOD-123FL_L2.8-W1.8-LS3.6-RD","1",""
"D16","TPD4E02B04DQAR","5v rail sm-easyedapro:USON-10_L2.5-W1.0-P0.50-BL","1",""
"D17","SMBJ24A_C224017","JLCImport:SMBJ24A_C224017","1",""
"D18","BZT52C15","5v rail sm-easyedapro:SOD-123_L2.7-W1.6-LS3.7-RD","1",""
"D19","MMSZ4685T1G","5v rail sm-easyedapro:SOD-123_L2.8-W1.8-LS3.7-RD","1",""
"D20","BAT46W-7-F","5v rail sm-easyedapro:SOD-123_L2.8-W1.8-LS3.7-RD","1",""
"D21","BAT46W-7-F","5v rail sm-easyedapro:SOD-123_L2.8-W1.8-LS3.7-RD","1",""
"D22","BAT46W-7-F","5v rail sm-easyedapro:SOD-123_L2.8-W1.8-LS3.7-RD","1",""
"D23","MMSZ5246B-7-F","5v rail sm-easyedapro:SOD-123_L2.7-W1.6-LS3.7-RD","1",""
"D24","MMSZ5267BT1G","5v rail sm-easyedapro:SOD-123_L2.7-W1.6-LS3.7-RD","1",""
"D25","BAT46W-7-F","5v rail sm-easyedapro:SOD-123_L2.8-W1.8-LS3.7-RD","1",""
"D26","MMSZ5246B_R1_00001","5v rail sm-easyedapro:SOD-123_L2.8-W1.8-LS3.7-RD","1",""
"D27","BAT46W-7-F","5v rail sm-easyedapro:SOD-123_L2.8-W1.8-LS3.7-RD","1",""
"D28","MMSZ5246B-7-F","5v rail sm-easyedapro:SOD-123_L2.7-W1.6-LS3.7-RD","1",""
"D29","BZT52C5V1S-7-F","5v rail sm-easyedapro:SOD-323_L1.8-W1.3-LS2.5-RD","1",""
"D30","MMSZ5246B-7-F","5v rail sm-easyedapro:SOD-123_L2.7-W1.6-LS3.7-RD","1",""
"D31","BAT46W","5v rail sm-easyedapro:SOD-123_L2.7-W1.6-LS3.7-FD","1",""
"D32","UCLAMP3301P","5v rail sm-easyedapro:DFN1006-2L-RD","1",""
"D33","ESD9X5VU","JLCImport:ESD9X5VU","1",""
"D34","SMF24A_C19077514","JLCImport:SMF24A_C19077514","1",""
"D35","SS54_C123946","JLCImport:SS54_C123946","1",""
"D36","SMBJ24A_C224017","JLCImport:SMBJ24A_C224017","1",""
"DC1","20V Supply","5v rail sm-easyedapro:DC-IN-TH_DC005","1",""
"DC2","3S Charger","5v rail sm-easyedapro:DC-IN-TH_DC005","1",""
"F1","XF-507P","5v rail sm-easyedapro:CONN-TH_XF-507P","1",""
"F2","0466001.NRHF","5v rail sm-easyedapro:F1206","1",""
"F3","0466001.NRHF","5v rail sm-easyedapro:F1206","1",""
"F4","0466001.NRHF","5v rail sm-easyedapro:F1206","1",""
"F5","JK-nSMD050-30","5v rail sm-easyedapro:F1206","1",""
"frankyface101","~","5v rail sm-easyedapro:frankyface","1",""
"H2","PZ254V-11-02P","5v rail sm-easyedapro:HDR-TH_2P-P2.54-V-M","1",""
"H3","TSW-104-08-T-T-RA","5v rail sm-easyedapro:HDR-TH_12P-P2.54-H-M-R3-C4_TSW-104-08-XXX-T-RA","1",""
"H4","TSW-104-08-T-T-RA","5v rail sm-easyedapro:HDR-TH_12P-P2.54-H-M-R3-C4_TSW-104-08-XXX-T-RA","1",""
"J7","PINHD_1x8_Male","Connector_PinHeader_2.54mm:PinHeader_1x08_P2.54mm_Vertical","1",""
"J8","PINHD_1x8_Male","Connector_PinHeader_2.54mm:PinHeader_1x08_P2.54mm_Vertical","1",""
"J9","PINHD_1x8_Male","Connector_PinHeader_2.54mm:PinHeader_1x08_P2.54mm_Vertical","1",""
"J10","PINHD_1x8_Male","Connector_PinHeader_2.54mm:PinHeader_1x08_P2.54mm_Vertical","1",""
"J11","PINHD_1x8_Male","Connector_PinHeader_2.54mm:PinHeader_1x08_P2.54mm_Vertical","1",""
"J12","PINHD_1x8_Male","Connector_PinHeader_2.54mm:PinHeader_1x08_P2.54mm_Vertical","1",""
"JP1","Jumper_2_Bridged","Jumper:SolderJumper-2_P1.3mm_Bridged_RoundedPad1.0x1.5mm","1",""
"JP3","Jumper_2_Bridged","Jumper:SolderJumper-2_P1.3mm_Bridged_RoundedPad1.0x1.5mm","1",""
"JP4","Jumper_2_Bridged","Jumper:SolderJumper-2_P1.3mm_Bridged_RoundedPad1.0x1.5mm","1",""
"JP1701","Jumper_2_Small_Bridged","PCM_SparkFun-Jumper:Jumper_2_NC_Trace","1",""
"JP2101","Jumper_2_Open","PCM_SparkFun-Jumper:Jumper_2_NO","1",""
"JP2301","Jumper_2_Bridged","Jumper:SolderJumper-2_P1.3mm_Bridged_RoundedPad1.0x1.5mm","1",""
"KAJFACE1","~","","1",""
"KAJFACE2","~","","1",""
"KAJFACE3","~","5v rail sm-easyedapro:kaj","1",""
"LED1","XL-1608UBC-04","JLCImport:XL-1608UBC-04","1",""
"LED2","XL-1608UBC-04","JLCImport:XL-1608UBC-04","1",""
"LED3","XL-1608UBC-04","JLCImport:XL-1608UBC-04","1",""
"LED4","XL-1608UBC-04","JLCImport:XL-1608UBC-04","1",""
"LED5","XL-1608UBC-04","JLCImport:XL-1608UBC-04","1",""
"LED6","PSC-1608U50GC-G4","5v rail sm-easyedapro:LED0603-RD_GREEN","1",""
"LED7","19-217UYOC/S3112/TR8","5v rail sm-easyedapro:LED0603-RD","1",""
"LED8","TJ-S1608SW6THBLC2R-A5","JLCImport:TJ-S1608SW6THBLC2R-A5","1",""
"LED9","XL-1608UOC-06","JLCImport:XL-1608UOC-06","1",""
"nona101","~","5v rail sm-easyedapro:evilary","1",""
"ONBOARD_3v1","PZ254V-11-02P","5v rail sm-easyedapro:HDR-TH_2P-P2.54-V-M","1",""
"ONBOARD_3v101","PZ254V-11-02P","5v rail sm-easyedapro:HDR-TH_2P-P2.54-V-M","1",""
"ONBOARD_5V1","PZ254V-11-02P","5v rail sm-easyedapro:HDR-TH_2P-P2.54-V-M","1",""
"Q1","L2N7002SLLT1G","JLCImport:L2N7002SLLT1G","1",""
"Q3","L2N7002SLLT1G","5v rail sm-easyedapro:SOT-23-3_L3.0-W1.7-P0.95-LS2.9-BR","1",""
"Q9","DMP3028LK3-13","5v rail sm-easyedapro:TO-252-2_L6.6-W6.1-P4.58-LS9.9-TL","1",""
"Q10","L2N7002SLLT1G","5v rail sm-easyedapro:SOT-23-3_L3.0-W1.7-P0.95-LS2.9-BR","1",""
"Q11","SIRA99DP-T1-GE3","JLCImport:SIRA99DP-T1-GE3","1",""
"Q12","L2N7002SLLT1G","5v rail sm-easyedapro:SOT-23-3_L3.0-W1.7-P0.95-LS2.9-BR","1",""
"Q13","IPT012N08N5(TOKMAS)","5v rail sm-easyedapro:HSOF-8_IPT007N06N","1",""
"Q14","IPT012N08N5(TOKMAS)","5v rail sm-easyedapro:HSOF-8_IPT007N06N","1",""
"Q15","ZXMP10A17GTA","5v rail sm-easyedapro:SOT-223-3_L6.5-W3.4-P2.30-LS7.0-BR","1",""
"Q16","BSS84AK,215","5v rail sm-easyedapro:SOT-23_L2.9-W1.3-P1.90-LS2.4-BR","1",""
"Q17","BSS123NH6327","5v rail sm-easyedapro:SOT-23-3_L2.9-W1.3-P1.90-LS2.4-BR","1",""
"Q18","L2N7002SLLT1G","5v rail sm-easyedapro:SOT-23-3_L3.0-W1.7-P0.95-LS2.9-BR","1",""
"Q19","CSD18563Q5A","JLCImport:CSD18563Q5A","1",""
"Q20","CSD18563Q5A","JLCImport:CSD18563Q5A","1",""
"Q21","CSD18563Q5A","JLCImport:CSD18563Q5A","1",""
"Q22","CSD18563Q5A","JLCImport:CSD18563Q5A","1",""
"Q23","CSD18563Q5A","JLCImport:CSD18563Q5A","1",""
"Q24","CSD18563Q5A","JLCImport:CSD18563Q5A","1",""
"Q602","AO4459","JLCImport:AO4459","1",""
"R1","16mΩ","5v rail sm-easyedapro:R2512","1",""
"R2","0603WAF4701T5E","JLCImport:0603WAF4701T5E","1",""
"R3","16mΩ","5v rail sm-easyedapro:R2512","1",""
"R4","FRC0603F1001TS","JLCImport:FRC0603F1001TS","1",""
"R5","0603WAF1500T5E","JLCImport:0603WAF1500T5E","1",""
"R7","0603WAF4021T5E_C23040","JLCImport:0603WAF4021T5E_C23040","1",""
"R8","FRC0603F1001TS","JLCImport:FRC0603F1001TS","1",""
"R9","16mΩ","5v rail sm-easyedapro:R2512","1",""
"R10","0603WAF4021T5E_C23040","JLCImport:0603WAF4021T5E_C23040","1",""
"R11","100kΩ","5v rail sm-easyedapro:R0603","1",""
"R12","0603WAF3401T5E","JLCImport:0603WAF3401T5E","1",""
"R13","22k","Resistor_SMD:R_0603_1608Metric","1",""
"R14","22k","Resistor_SMD:R_0603_1608Metric","1",""
"R15","11.3kΩ","5v rail sm-easyedapro:R0603","1",""
"R16","RLM25FEER005","JLCImport:RLM25FEER005","1",""
"R17","10kΩ","5v rail sm-easyedapro:R0603","1",""
"R18","1mΩ","5v rail sm-easyedapro:R3920","1",""
"R19","10kΩ","5v rail sm-easyedapro:R0402","1",""
"R20","220","Resistor_SMD:R_0603_1608Metric","1",""
"R21","100kΩ","5v rail sm-easyedapro:R0603","1",""
"R51","4.7kΩ","5v rail sm-easyedapro:R0603","1",""
"R52","4.7kΩ","5v rail sm-easyedapro:R0603","1",""
"R69","2.2kΩ","5v rail sm-easyedapro:R0603","1",""
"R71","2.2kΩ","5v rail sm-easyedapro:R0603","1",""
"R73","0603WAF1000T5E","JLCImport:0603WAF1000T5E","1",""
"R74","10k","Resistor_SMD:R_0201_0603Metric","1",""
"R75","100kΩ","5v rail sm-easyedapro:R0603","1",""
"R76","5.76kΩ","5v rail sm-easyedapro:R0603","1",""
"R77","1kΩ","5v rail sm-easyedapro:R0402","1",""
"R78","100kΩ","5v rail sm-easyedapro:R0603","1",""
"R79","1kΩ","5v rail sm-easyedapro:R0402","1",""
"R80","10k","Resistor_SMD:R_0201_0603Metric","1",""
"R81","10kΩ","5v rail sm-easyedapro:R0402","1",""
"R82","0603WAF1000T5E","JLCImport:0603WAF1000T5E","1",""
"R83","1MΩ","5v rail sm-easyedapro:R0603","1",""
"R85","120Ω","5v rail sm-easyedapro:R0402","1",""
"R86","60mΩ","5v rail sm-easyedapro:R2512","1",""
"R88","105kΩ","5v rail sm-easyedapro:R0603","1",""
"R89","24.9kΩ","5v rail sm-easyedapro:R0603","1",""
"R90","100kΩ","5v rail sm-easyedapro:R0603","1",""
"R91","100Ω","5v rail sm-easyedapro:R0603","1",""
"R92","100kΩ","5v rail sm-easyedapro:R0603","1",""
"R93","100Ω","5v rail sm-easyedapro:R0603","1",""
"R94","100kΩ","5v rail sm-easyedapro:R0603","1",""
"R95","100Ω","5v rail sm-easyedapro:R0603","1",""
"R96","10Ω","5v rail sm-easyedapro:R0402","1",""
"R97","10Ω","5v rail sm-easyedapro:R0402","1",""
"R98","10kΩ","5v rail sm-easyedapro:R0402","1",""
"R99","10Ω","5v rail sm-easyedapro:R0402","1",""
"R100","10Ω","5v rail sm-easyedapro:R0402","1",""
"R101","10Ω","5v rail sm-easyedapro:R0402","1",""
"R102","10Ω","5v rail sm-easyedapro:R0402","1",""
"R103","16mΩ","5v rail sm-easyedapro:R2512","1",""
"R104","16mΩ","5v rail sm-easyedapro:R2512","1",""
"R105","16mΩ","5v rail sm-easyedapro:R2512","1",""
"R106","100kΩ","5v rail sm-easyedapro:R0603","1",""
"R107","100Ω","5v rail sm-easyedapro:R0603","1",""
"R108","0","Resistor_SMD:R_0603_1608Metric","1",""
"R109","36.5kΩ","5v rail sm-easyedapro:R0603","1",""
"R110","100kΩ","5v rail sm-easyedapro:R0603","1",""
"R111","11kΩ","5v rail sm-easyedapro:R0603","1",""
"R112","7mΩ","5v rail sm-easyedapro:R2512","1",""
"R113","100kΩ","5v rail sm-easyedapro:R0603","1",""
"R114","100Ω","5v rail sm-easyedapro:R0603","1",""
"R115","100kΩ","5v rail sm-easyedapro:R0603","1",""
"R116","100Ω","5v rail sm-easyedapro:R0603","1",""
"R117","26.7kΩ","5v rail sm-easyedapro:R0603","1",""
"R119","100kΩ","5v rail sm-easyedapro:R0402","1",""
"R120","47kΩ","5v rail sm-easyedapro:R0603","1",""
"R122","100kΩ","5v rail sm-easyedapro:R0402","1",""
"R123","20kΩ","5v rail sm-easyedapro:R0603","1",""
"R124","100kΩ","5v rail sm-easyedapro:R0603","1",""
"R125","100Ω","5v rail sm-easyedapro:R0603","1",""
"R126","3.92kΩ","5v rail sm-easyedapro:R0603","1",""
"R127","1.58kΩ","5v rail sm-easyedapro:R0603","1",""
"R128","442kΩ","5v rail sm-easyedapro:R0603","1",""
"R129","11kΩ","5v rail sm-easyedapro:R0603","1",""
"R130","20kΩ","5v rail sm-easyedapro:R0603","1",""
"R131","100kΩ","5v rail sm-easyedapro:R0603","1",""
"R132","100kΩ","5v rail sm-easyedapro:R0603","1",""
"R133","19.1Ω","5v rail sm-easyedapro:R0603","1",""
"R134","21kΩ","5v rail sm-easyedapro:R0603","1",""
"R135","19.1kΩ","5v rail sm-easyedapro:R0805","1",""
"R136","909kΩ","5v rail sm-easyedapro:R0201","1",""
"R137","100kΩ","5v rail sm-easyedapro:R0603","1",""
"R138","909kΩ","5v rail sm-easyedapro:R0201","1",""
"R139","10Ω","5v rail sm-easyedapro:R0603","1",""
"R140","100kΩ","5v rail sm-easyedapro:R0201","1",""
"R141","30kΩ","5v rail sm-easyedapro:R0603","1",""
"R142","10kΩ","5v rail sm-easyedapro:R0603","1",""
"R143","100kΩ","5v rail sm-easyedapro:R0603","1",""
"R144","47Ω","5v rail sm-easyedapro:R0603","1",""
"R145","100kΩ","5v rail sm-easyedapro:R0603","1",""
"R146","4.7kΩ","5v rail sm-easyedapro:R0603","1",""
"R147","220Ω","5v rail sm-easyedapro:R0603","1",""
"R148","100kΩ","5v rail sm-easyedapro:R0402","1",""
"R149","47","Resistor_SMD:R_0603_1608Metric","1",""
"R150","100kΩ","5v rail sm-easyedapro:R0603","1",""
"R151","100kΩ","5v rail sm-easyedapro:R0603","1",""
"R152","20kΩ","5v rail sm-easyedapro:R0603","1",""
"R153","23.2kΩ","5v rail sm-easyedapro:R0603","1",""
"R154","10kΩ","5v rail sm-easyedapro:R0603","1",""
"R155","100kΩ","5v rail sm-easyedapro:R0603","1",""
"R156","100kΩ","5v rail sm-easyedapro:R0603","1",""
"R157","15.8kΩ","5v rail sm-easyedapro:R0603","1",""
"R158","40.2kΩ","5v rail sm-easyedapro:R0603","1",""
"R159","10kΩ","5v rail sm-easyedapro:R0603","1",""
"R160","10Ω","5v rail sm-easyedapro:R0402","1",""
"R161","10Ω","5v rail sm-easyedapro:R0402","1",""
"R162","10kΩ","5v rail sm-easyedapro:R0402","1",""
"R163","10Ω","5v rail sm-easyedapro:R0402","1",""
"R164","10Ω","5v rail sm-easyedapro:R0402","1",""
"R165","10Ω","5v rail sm-easyedapro:R0402","1",""
"R166","10Ω","5v rail sm-easyedapro:R0402","1",""
"R167","47Ω","5v rail sm-easyedapro:R0603","1",""
"R168","100kΩ","5v rail sm-easyedapro:R0603","1",""
"R169","4.7kΩ","5v rail sm-easyedapro:R0603","1",""
"R170","47Ω","5v rail sm-easyedapro:R0603","1",""
"R171","47Ω","5v rail sm-easyedapro:R0603","1",""
"R172","20Ω","5v rail sm-easyedapro:R0603","1",""
"R173","20Ω","5v rail sm-easyedapro:R0603","1",""
"R174","20Ω","5v rail sm-easyedapro:R0603","1",""
"R175","20Ω","5v rail sm-easyedapro:R0603","1",""
"R176","47Ω","5v rail sm-easyedapro:R0603","1",""
"R177","47Ω","5v rail sm-easyedapro:R0603","1",""
"R178","47Ω","5v rail sm-easyedapro:R0603","1",""
"R179","47Ω","5v rail sm-easyedapro:R0603","1",""
"R180","47Ω","5v rail sm-easyedapro:R0603","1",""
"R181","10kΩ","5v rail sm-easyedapro:R0402","1",""
"R182","10kΩ","5v rail sm-easyedapro:R0402","1",""
"R183","10kΩ","5v rail sm-easyedapro:R0402","1",""
"R184","10kΩ","5v rail sm-easyedapro:R0402","1",""
"R185","100Ω","5v rail sm-easyedapro:R0603","1",""
"R186","10kΩ","5v rail sm-easyedapro:R0402","1",""
"R187","100Ω","5v rail sm-easyedapro:R0603","1",""
"R188","10kΩ","5v rail sm-easyedapro:R0402","1",""
"R189","1mΩ","5v rail sm-easyedapro:R3920","1",""
"R190","100Ω","5v rail sm-easyedapro:R1206","1",""
"R191","82kΩ","5v rail sm-easyedapro:R0603","1",""
"R192","100kΩ","5v rail sm-easyedapro:R0603","1",""
"R193","10kΩ","5v rail sm-easyedapro:R0603","1",""
"R194","10kΩ","5v rail sm-easyedapro:R0603","1",""
"R195","10kΩ","5v rail sm-easyedapro:R0603","1",""
"R196","100Ω","5v rail sm-easyedapro:R0603","1",""
"R197","100Ω","5v rail sm-easyedapro:R0603","1",""
"R198","10MΩ","5v rail sm-easyedapro:R0603","1",""
"R199","47Ω","5v rail sm-easyedapro:R0603","1",""
"R200","1kΩ","5v rail sm-easyedapro:R0603","1",""
"R201","68kΩ","5v rail sm-easyedapro:R0603","1",""
"R202","1MΩ","5v rail sm-easyedapro:R0603","1",""
"R203","47Ω","5v rail sm-easyedapro:R0603","1",""
"R204","68kΩ","5v rail sm-easyedapro:R0603","1",""
"R205","10MΩ","5v rail sm-easyedapro:R0603","1",""
"R206","40Ω","5v rail sm-easyedapro:TO-263-2_L10.1-W8.8-P5.08-LS15.4-TL","1",""
"R207","SEWF3920F1L00P9","JLCImport:SEWF3920F1L00P9","1",""
"R208","47Ω","5v rail sm-easyedapro:R0603","1",""
"R209","470Ω","5v rail sm-easyedapro:R0603","1",""
"R210","10MΩ","5v rail sm-easyedapro:R0603","1",""
"R211","10kΩ","5v rail sm-easyedapro:R0603","1",""
"R212","4.7k","Resistor_SMD:R_0603_1608Metric","1",""
"R213","100kΩ","5v rail sm-easyedapro:R0603","1",""
"R214","100kΩ","5v rail sm-easyedapro:R0603","1",""
"R215","5.1kΩ","5v rail sm-easyedapro:R0603","1",""
"R216","5.1kΩ","5v rail sm-easyedapro:R0603","1",""
"R233","47Ω","5v rail sm-easyedapro:R0603","1",""
"R241","10kΩ","5v rail sm-easyedapro:R0402","1",""
"R242","10kΩ","5v rail sm-easyedapro:R0402","1",""
"R243","10kΩ","5v rail sm-easyedapro:R0402","1",""
"R260","47Ω","5v rail sm-easyedapro:R0603","1",""
"R268","10kΩ","5v rail sm-easyedapro:R0402","1",""
"R269","10kΩ","5v rail sm-easyedapro:R0402","1",""
"R301","47Ω","5v rail sm-easyedapro:R0603","1",""
"R302","47Ω","5v rail sm-easyedapro:R0603","1",""
"R303","47Ω","5v rail sm-easyedapro:R0603","1",""
"R304","47Ω","5v rail sm-easyedapro:R0603","1",""
"R305","47Ω","5v rail sm-easyedapro:R0603","1",""
"R306","47Ω","5v rail sm-easyedapro:R0603","1",""
"R307","47Ω","5v rail sm-easyedapro:R0603","1",""
"R308","47Ω","5v rail sm-easyedapro:R0603","1",""
"R309","47Ω","5v rail sm-easyedapro:R0603","1",""
"R310","47Ω","5v rail sm-easyedapro:R0603","1",""
"R311","47Ω","5v rail sm-easyedapro:R0603","1",""
"R312","47Ω","5v rail sm-easyedapro:R0603","1",""
"R313","47Ω","5v rail sm-easyedapro:R0603","1",""
"R314","47Ω","5v rail sm-easyedapro:R0603","1",""
"R315","47Ω","5v rail sm-easyedapro:R0603","1",""
"R316","47Ω","5v rail sm-easyedapro:R0603","1",""
"R317","47Ω","5v rail sm-easyedapro:R0603","1",""
"R318","47Ω","5v rail sm-easyedapro:R0603","1",""
"R319","47Ω","5v rail sm-easyedapro:R0603","1",""
"R320","47Ω","5v rail sm-easyedapro:R0603","1",""
"R321","47Ω","5v rail sm-easyedapro:R0603","1",""
"R322","47Ω","5v rail sm-easyedapro:R0603","1",""
"R323","47Ω","5v rail sm-easyedapro:R0603","1",""
"R3401","47Ω","5v rail sm-easyedapro:R0603","1",""
"R3402","47Ω","5v rail sm-easyedapro:R0603","1",""
"R3403","47Ω","5v rail sm-easyedapro:R0603","1",""
"R3404","47Ω","5v rail sm-easyedapro:R0603","1",""
"R3405","47Ω","5v rail sm-easyedapro:R0603","1",""
"R3406","47Ω","5v rail sm-easyedapro:R0603","1",""
"R3407","47Ω","5v rail sm-easyedapro:R0603","1",""
"R3408","47Ω","5v rail sm-easyedapro:R0603","1",""
"R3409","47Ω","5v rail sm-easyedapro:R0603","1",""
"R3410","47Ω","5v rail sm-easyedapro:R0603","1",""
"R3411","47Ω","5v rail sm-easyedapro:R0603","1",""
"R3412","47Ω","5v rail sm-easyedapro:R0603","1",""
"R3413","47Ω","5v rail sm-easyedapro:R0603","1",""
"R3414","47Ω","5v rail sm-easyedapro:R0603","1",""
"R3415","47Ω","5v rail sm-easyedapro:R0603","1",""
"R3416","47Ω","5v rail sm-easyedapro:R0603","1",""
"R3417","47Ω","5v rail sm-easyedapro:R0603","1",""
"R3418","47Ω","5v rail sm-easyedapro:R0603","1",""
"R3419","47Ω","5v rail sm-easyedapro:R0603","1",""
"R3420","47Ω","5v rail sm-easyedapro:R0603","1",""
"R3421","47Ω","5v rail sm-easyedapro:R0603","1",""
"R3422","47Ω","5v rail sm-easyedapro:R0603","1",""
"R3423","47Ω","5v rail sm-easyedapro:R0603","1",""
"RN1","10kΩ","5v rail sm-easyedapro:RES-ARRAY-SMD_0603-8P-L3.2-W1.6-BL","1",""
"RN2","10kΩ","5v rail sm-easyedapro:RES-ARRAY-SMD_0603-8P-L3.2-W1.6-BL","1",""
"SW2","TC-6615-5-260G","JLCImport:TC-6615-5-260G","1",""
"tore101","~","5v rail sm-easyedapro:tore","1",""
"U1","LSM6DSOXTR","5v rail sm-easyedapro:LGA-14L_L3.0-W2.5-P0.50-TL","1",""
"U2","~","Jumper:SolderJumper-2_P1.3mm_Open_Pad1.0x1.5mm","1",""
"U3","~","Jumper:SolderJumper-2_P1.3mm_Open_Pad1.0x1.5mm","1",""
"U4","~","Jumper:SolderJumper-2_P1.3mm_Bridged_Pad1.0x1.5mm","1",""
"U5","~","Jumper:SolderJumper-2_P1.3mm_Bridged_Pad1.0x1.5mm","1",""
"U6","~","Jumper:SolderJumper-2_P1.3mm_Open_Pad1.0x1.5mm","1",""
"U7","~","Jumper:SolderJumper-2_P1.3mm_Open_Pad1.0x1.5mm","1",""
"U8","~","Jumper:SolderJumper-2_P1.3mm_Bridged_Pad1.0x1.5mm","1",""
"U9","~","Jumper:SolderJumper-2_P1.3mm_Bridged_Pad1.0x1.5mm","1",""
"U10","0440007_WR","JLCImport:0440007_WR","1",""
"U20","~","Jumper:SolderJumper-2_P1.3mm_Bridged_Pad1.0x1.5mm","1",""
"U21","~","Jumper:SolderJumper-2_P1.3mm_Bridged_Pad1.0x1.5mm","1",""
"U22","~","Jumper:SolderJumper-2_P1.3mm_Bridged_Pad1.0x1.5mm","1",""
"U23","~","Jumper:SolderJumper-2_P1.3mm_Bridged_Pad1.0x1.5mm","1",""
"U24","~","Jumper:SolderJumper-2_P1.3mm_Bridged_Pad1.0x1.5mm","1",""
"U25","~","Jumper:SolderJumper-2_P1.3mm_Bridged_Pad1.0x1.5mm","1",""
"U26","~","Jumper:SolderJumper-2_P1.3mm_Bridged_Pad1.0x1.5mm","1",""
"U27","~","Jumper:SolderJumper-2_P1.3mm_Bridged_Pad1.0x1.5mm","1",""
"U28","X1270WV-2X08B-6TV01","JLCImport:X1270WV-2X08B-6TV01","1",""
"U29","RVT1H680M0607","JLCImport:RVT1H680M0607","1",""
"U30","CN3722","5v rail sm-easyedapro:TSSOP-16_L5.0-W4.4-P0.65-LS6.4-BL","1",""
"U31","15uH","5v rail sm-easyedapro:IND-SMD_2P-L11.3-W10.0-XAL1010-153MED","1",""
"U32","SMBJ24A_C19077578","JLCImport:SMBJ24A_C19077578","1",""
"U33","LM5050MKX-1/NOPB","5v rail sm-easyedapro:TSOT-23-6_L2.9-W1.6-P0.95-LS2.8-BL","1",""
"U34","SMBJ24A_C19077578","JLCImport:SMBJ24A_C19077578","1",""
"U35","SMBJ24A_C19077578","JLCImport:SMBJ24A_C19077578","1",""
"U36","LM5050MKX-1/NOPB","5v rail sm-easyedapro:TSOT-23-6_L2.9-W1.6-P0.95-LS2.8-BL","1",""
"U37","SMBJ24A_C19077578","JLCImport:SMBJ24A_C19077578","1",""
"U38","SMBJ24A_C19077578","JLCImport:SMBJ24A_C19077578","1",""
"U39","LM5050MKX-1/NOPB","5v rail sm-easyedapro:TSOT-23-6_L2.9-W1.6-P0.95-LS2.8-BL","1",""
"U40","SMBJ24A_C19077578","JLCImport:SMBJ24A_C19077578","1",""
"U41","VH3_96-2P_WZ","JLCImport:VH3_96-2P_WZ","1",""
"U42","VH3_96-2P_WZ","JLCImport:VH3_96-2P_WZ","1",""
"U43","VH3_96-2P_WZ","JLCImport:VH3_96-2P_WZ","1",""
"U44","MCP4725A0T-E/CH","5v rail sm-easyedapro:SOT-23-6_L2.9-W1.6-P0.95-LS2.8-BL","1",""
"U45","ADS1115IDGST","5v rail sm-easyedapro:VSSOP-10_L3.0-W3.0-P0.50-LS4.9-BL","1",""
"U46","~","Jumper:SolderJumper-2_P1.3mm_Bridged_Pad1.0x1.5mm","1",""
"U47","LTM8055IY_PBF","Snapeda:BGA121C127P11X11_1500X1500X512N","1",""
"U48","68uF","5v rail sm-easyedapro:CAP-SMD_BD6.3-L6.6-W6.6-LS7.4-FD","1",""
"U49","SMBJ24A_C19077578","JLCImport:SMBJ24A_C19077578","1",""
"U50","LM5050MKX-1/NOPB","5v rail sm-easyedapro:TSOT-23-6_L2.9-W1.6-P0.95-LS2.8-BL","1",""
"U51","SMBJ24A_C19077578","JLCImport:SMBJ24A_C19077578","1",""
"U52","SMBJ24A_C19077578","JLCImport:SMBJ24A_C19077578","1",""
"U53","LM5050MKX-1/NOPB","5v rail sm-easyedapro:TSOT-23-6_L2.9-W1.6-P0.95-LS2.8-BL","1",""
"U54","SMBJ24A_C19077578","JLCImport:SMBJ24A_C19077578","1",""
"U55","TPSM63610RDFR","JLCImport:TPSM63610RDFR","1",""
"U56","~","Jumper:SolderJumper-2_P1.3mm_Bridged_Pad1.0x1.5mm","1",""
"U57","SMBJ24A_C19077578","JLCImport:SMBJ24A_C19077578","1",""
"U58","LM5050MKX-1/NOPB","5v rail sm-easyedapro:TSOT-23-6_L2.9-W1.6-P0.95-LS2.8-BL","1",""
"U59","SMBJ24A_C19077578","JLCImport:SMBJ24A_C19077578","1",""
"U60","~","Jumper:SolderJumper-2_P1.3mm_Bridged_Pad1.0x1.5mm","1",""
"U61","~","Jumper:SolderJumper-2_P1.3mm_Bridged_Pad1.0x1.5mm","1",""
"U62","TPS16630RGER","5v rail sm-easyedapro:VFQFPN-24_L4.0-W4.0-P0.50-BL-EP2.8","1",""
"U63","~","Jumper:SolderJumper-2_P1.3mm_Bridged_Pad1.0x1.5mm","1",""
"U64","~","Jumper:SolderJumper-2_P1.3mm_Bridged_Pad1.0x1.5mm","1",""
"U65","HUSB238A-BB001-QN16R","5v rail sm-easyedapro:QFN-16_L3.0-W3.0-P0.50-BL-EP1.7","1",""
"U66","~","Jumper:SolderJumper-2_P1.3mm_Open_Pad1.0x1.5mm","1",""
"U67","MT9700-N","5v rail sm-easyedapro:SOT-23-5_L2.9-W1.6-P0.95-LS2.9-BL","1",""
"U68","150uF","5v rail sm-easyedapro:CAP-SMD_BD6.3-L6.6-W6.6-LS7.4-FD","1",""
"U69","74AHCT1G125GW,125-JSM","5v rail sm-easyedapro:SOT-353_L2.1-W1.3-P0.65-LS2.3-BL","1",""
"U70","WS2815F","5v rail sm-easyedapro:LED-SMD_6P-L5.0-W5.0-TL","1",""
"U72","INA226AIDGSR","5v rail sm-easyedapro:MSOP-10_L3.0-W3.0-P0.50-LS5.0-BL","1",""
"U73","TPSM33625RDNR","5v rail sm-easyedapro:QFN-11_L4.5-W3.5-P0.50-TL_TPSM365R6FRDNR","1",""
"U74","TPSM33625RDNR","5v rail sm-easyedapro:QFN-11_L4.5-W3.5-P0.50-TL_TPSM365R6FRDNR","1",""
"U75","~","Jumper:SolderJumper-2_P1.3mm_Open_Pad1.0x1.5mm","1",""
"U76","MT9700-N","5v rail sm-easyedapro:SOT-23-5_L2.9-W1.6-P0.95-LS2.9-BL","1",""
"U77","150uF","5v rail sm-easyedapro:CAP-SMD_BD6.3-L6.6-W6.6-LS7.4-FD","1",""
"U78","PCA9685PW,118","5v rail sm-easyedapro:TSSOP-28_L9.7-W4.4-P0.65-LS6.4-TL","1",""
"U79","~","Jumper:SolderJumper-2_P1.3mm_Open_Pad1.0x1.5mm","1",""
"U80","BQ7694202PFBR","5v rail sm-easyedapro:TQFP-48_L7.0-W7.0-P0.50-LS9.0-TL","1",""
"U81","INA226AIDGSR","5v rail sm-easyedapro:MSOP-10_L3.0-W3.0-P0.50-LS5.0-BL","1",""
"U82","NCP718ASN330T1G","5v rail sm-easyedapro:TSOT-23-5_L2.9-W1.6-P0.95-LS2.8-BL","1",""
"U83","X1270WV-2X08B-6TV01","JLCImport:X1270WV-2X08B-6TV01","1",""
"U84","PMEG10030ELPX","5v rail sm-easyedapro:SOD-128_L3.7-W2.5-LS4.7-RD","1",""
"U85","PCAL6524HEAZ","5v rail sm-easyedapro:HQFN-32_L5.0-W5.0-P0.50-BL-EP3.0","1",""
"U86","~","Jumper:SolderJumper-2_P1.3mm_Open_Pad1.0x1.5mm","1",""
"U87","~","Jumper:SolderJumper-2_P1.3mm_Open_Pad1.0x1.5mm","1",""
"U88","~","Jumper:SolderJumper-2_P1.3mm_Bridged_Pad1.0x1.5mm","1",""
"U89","~","Jumper:SolderJumper-2_P1.3mm_Bridged_Pad1.0x1.5mm","1",""
"U90","PCAL6524HEAZ","5v rail sm-easyedapro:HQFN-32_L5.0-W5.0-P0.50-BL-EP3.0","1",""
"U91","~","Jumper:SolderJumper-2_P1.3mm_Open_Pad1.0x1.5mm","1",""
"U92","~","Jumper:SolderJumper-2_P1.3mm_Open_Pad1.0x1.5mm","1",""
"U93","~","Jumper:SolderJumper-2_P1.3mm_Bridged_Pad1.0x1.5mm","1",""
"U94","~","Jumper:SolderJumper-2_P1.3mm_Bridged_Pad1.0x1.5mm","1",""
"USB1","TYPE-C_6P_073","JLCImport:TYPE-C_6P_073","1",""
"USBC-5V-BUCK1","PZ254V-11-02P","5v rail sm-easyedapro:HDR-TH_2P-P2.54-V-M","1",""
"USBC1","TYPE-C-31-M-12","5v rail sm-easyedapro:USB-C_SMD-TYPE-C-31-M-12","1",""
"USBC_SCL1","~","Jumper:SolderJumper-2_P1.3mm_Open_Pad1.0x1.5mm","1",""
"USBC_SDA1","~","Jumper:SolderJumper-2_P1.3mm_Open_Pad1.0x1.5mm","1",""
"warninglogo1","~","Symbol:Symbol_Attention_Triangle_8x7mm_Copper","1",""
"wasplogo1","~","5v rail sm-easyedapro:wasplogo","1",""
"ZD1","BZT52C12_C43491","JLCImport:BZT52C12_C43491","1",""
