Ref,Value,ManufacturerPart,Manufacturer,DatasheetFile,SourceURL,Status,EnglishRatio
+ESC-CONNECTOR-1,XT60PW-M,XT60PW-M,AMASS(艾迈斯),,,missing,
-BatMains+1,XT60PW-M,XT60PW-M,AMASS(艾迈斯),,,missing,
AnyPower1,XL-1608UBC-04,XL-1608UBC-04,XINGLIGHT(成兴光),,https://atta.szlcsc.com/upload/public/pdf/source/20210617/C2837377_50FC585D376FE0CDA016E524346528FF.pdf,download_failed,
LED1,XL-1608UBC-04,XL-1608UBC-04,XINGLIGHT(成兴光),,https://atta.szlcsc.com/upload/public/pdf/source/20210617/C2837377_50FC585D376FE0CDA016E524346528FF.pdf,download_failed,
LED2,XL-1608UBC-04,XL-1608UBC-04,XINGLIGHT(成兴光),,https://atta.szlcsc.com/upload/public/pdf/source/20210617/C2837377_50FC585D376FE0CDA016E524346528FF.pdf,download_failed,
LED3,XL-1608UBC-04,XL-1608UBC-04,XINGLIGHT(成兴光),,https://atta.szlcsc.com/upload/public/pdf/source/20210617/C2837377_50FC585D376FE0CDA016E524346528FF.pdf,download_failed,
LED4,XL-1608UBC-04,XL-1608UBC-04,XINGLIGHT(成兴光),,https://atta.szlcsc.com/upload/public/pdf/source/20210617/C2837377_50FC585D376FE0CDA016E524346528FF.pdf,download_failed,
LED5,XL-1608UBC-04,XL-1608UBC-04,XINGLIGHT(成兴光),,https://atta.szlcsc.com/upload/public/pdf/source/20210617/C2837377_50FC585D376FE0CDA016E524346528FF.pdf,download_failed,
BatBalConn1,ZX-XH2_54-4PWZ,ZX-XH2.54-4PWZ,Megastar(兆星),,https://atta.szlcsc.com/upload/public/pdf/source/20230619/825E28BFFB9F3B9EEDAD896C78D625B2.pdf,download_failed,
C1,10uF,GRM21BR61H106KE43L,muRata(村田),,https://atta.szlcsc.com/upload/public/pdf/source/20230811/95AAE0C9AF55EDC31B7A4D8B733F534E.pdf,download_failed,
C3,10uF,GRM21BR61H106KE43L,muRata(村田),,https://atta.szlcsc.com/upload/public/pdf/source/20230811/95AAE0C9AF55EDC31B7A4D8B733F534E.pdf,download_failed,
C5,10uF,GRM21BR61H106KE43L,muRata(村田),,https://atta.szlcsc.com/upload/public/pdf/source/20230811/95AAE0C9AF55EDC31B7A4D8B733F534E.pdf,download_failed,
C40,10uF,GRM21BR61H106KE43L,muRata(村田),,https://atta.szlcsc.com/upload/public/pdf/source/20230811/95AAE0C9AF55EDC31B7A4D8B733F534E.pdf,download_failed,
C44,10uF,GRM21BR61H106KE43L,muRata(村田),,https://atta.szlcsc.com/upload/public/pdf/source/20230811/95AAE0C9AF55EDC31B7A4D8B733F534E.pdf,download_failed,
C46,10uF,GRM21BR61H106KE43L,muRata(村田),,https://atta.szlcsc.com/upload/public/pdf/source/20230811/95AAE0C9AF55EDC31B7A4D8B733F534E.pdf,download_failed,
C48,10uF,GRM21BR61H106KE43L,muRata(村田),,https://atta.szlcsc.com/upload/public/pdf/source/20230811/95AAE0C9AF55EDC31B7A4D8B733F534E.pdf,download_failed,
C87,10uF,GRM21BR61H106KE43L,muRata(村田),,https://atta.szlcsc.com/upload/public/pdf/source/20230811/95AAE0C9AF55EDC31B7A4D8B733F534E.pdf,download_failed,
C103,10uF,GRM21BR61H106KE43L,muRata(村田),,https://atta.szlcsc.com/upload/public/pdf/source/20230811/95AAE0C9AF55EDC31B7A4D8B733F534E.pdf,download_failed,
C2,100nF,CC0603KRX7R9BB104,YAGEO(国巨),,https://atta.szlcsc.com/upload/public/pdf/source/20180910/C282072_33301C7F631E79921B82A8DAC6BCC5B3.pdf,download_failed,
C4,100nF,CC0603KRX7R9BB104,YAGEO(国巨),,https://atta.szlcsc.com/upload/public/pdf/source/20180910/C282072_33301C7F631E79921B82A8DAC6BCC5B3.pdf,download_failed,
C6,100nF,CC0603KRX7R9BB104,YAGEO(国巨),,https://atta.szlcsc.com/upload/public/pdf/source/20180910/C282072_33301C7F631E79921B82A8DAC6BCC5B3.pdf,download_failed,
C14,100nF,CC0603KRX7R9BB104,YAGEO(国巨),,https://atta.szlcsc.com/upload/public/pdf/source/20180910/C282072_33301C7F631E79921B82A8DAC6BCC5B3.pdf,download_failed,
C23,100nF,CC0603KRX7R9BB104,YAGEO(国巨),,https://atta.szlcsc.com/upload/public/pdf/source/20180910/C282072_33301C7F631E79921B82A8DAC6BCC5B3.pdf,download_failed,
C24,100nF,CC0603KRX7R9BB104,YAGEO(国巨),,https://atta.szlcsc.com/upload/public/pdf/source/20180910/C282072_33301C7F631E79921B82A8DAC6BCC5B3.pdf,download_failed,
C25,100nF,CC0603KRX7R9BB104,YAGEO(国巨),,https://atta.szlcsc.com/upload/public/pdf/source/20180910/C282072_33301C7F631E79921B82A8DAC6BCC5B3.pdf,download_failed,
C34,100nF,CC0603KRX7R9BB104,YAGEO(国巨),,https://atta.szlcsc.com/upload/public/pdf/source/20180910/C282072_33301C7F631E79921B82A8DAC6BCC5B3.pdf,download_failed,
C36,100nF,CC0603KRX7R9BB104,YAGEO(国巨),,https://atta.szlcsc.com/upload/public/pdf/source/20180910/C282072_33301C7F631E79921B82A8DAC6BCC5B3.pdf,download_failed,
C38,100nF,CC0603KRX7R9BB104,YAGEO(国巨),,https://atta.szlcsc.com/upload/public/pdf/source/20180910/C282072_33301C7F631E79921B82A8DAC6BCC5B3.pdf,download_failed,
C39,100nF,CC0603KRX7R9BB104,YAGEO(国巨),,https://atta.szlcsc.com/upload/public/pdf/source/20180910/C282072_33301C7F631E79921B82A8DAC6BCC5B3.pdf,download_failed,
C45,100nF,CC0603KRX7R9BB104,YAGEO(国巨),,https://atta.szlcsc.com/upload/public/pdf/source/20180910/C282072_33301C7F631E79921B82A8DAC6BCC5B3.pdf,download_failed,
C47,100nF,CC0603KRX7R9BB104,YAGEO(国巨),,https://atta.szlcsc.com/upload/public/pdf/source/20180910/C282072_33301C7F631E79921B82A8DAC6BCC5B3.pdf,download_failed,
C49,100nF,CC0603KRX7R9BB104,YAGEO(国巨),,https://atta.szlcsc.com/upload/public/pdf/source/20180910/C282072_33301C7F631E79921B82A8DAC6BCC5B3.pdf,download_failed,
C53,100nF,CC0603KRX7R9BB104,YAGEO(国巨),,https://atta.szlcsc.com/upload/public/pdf/source/20180910/C282072_33301C7F631E79921B82A8DAC6BCC5B3.pdf,download_failed,
C56,100nF,CC0603KRX7R9BB104,YAGEO(国巨),,https://atta.szlcsc.com/upload/public/pdf/source/20180910/C282072_33301C7F631E79921B82A8DAC6BCC5B3.pdf,download_failed,
C57,100nF,CC0603KRX7R9BB104,YAGEO(国巨),,https://atta.szlcsc.com/upload/public/pdf/source/20180910/C282072_33301C7F631E79921B82A8DAC6BCC5B3.pdf,download_failed,
C62,100nF,CC0603KRX7R9BB104,YAGEO(国巨),,https://atta.szlcsc.com/upload/public/pdf/source/20180910/C282072_33301C7F631E79921B82A8DAC6BCC5B3.pdf,download_failed,
C64,100nF,CC0603KRX7R9BB104,YAGEO(国巨),,https://atta.szlcsc.com/upload/public/pdf/source/20180910/C282072_33301C7F631E79921B82A8DAC6BCC5B3.pdf,download_failed,
C73,100nF,CC0603KRX7R9BB104,YAGEO(国巨),,https://atta.szlcsc.com/upload/public/pdf/source/20180910/C282072_33301C7F631E79921B82A8DAC6BCC5B3.pdf,download_failed,
C74,100nF,CC0603KRX7R9BB104,YAGEO(国巨),,https://atta.szlcsc.com/upload/public/pdf/source/20180910/C282072_33301C7F631E79921B82A8DAC6BCC5B3.pdf,download_failed,
C78,100nF,CC0603KRX7R9BB104,YAGEO(国巨),,https://atta.szlcsc.com/upload/public/pdf/source/20180910/C282072_33301C7F631E79921B82A8DAC6BCC5B3.pdf,download_failed,
C80,100nF,CC0603KRX7R9BB104,YAGEO(国巨),,https://atta.szlcsc.com/upload/public/pdf/source/20180910/C282072_33301C7F631E79921B82A8DAC6BCC5B3.pdf,download_failed,
C81,100nF,CC0603KRX7R9BB104,YAGEO(国巨),,https://atta.szlcsc.com/upload/public/pdf/source/20180910/C282072_33301C7F631E79921B82A8DAC6BCC5B3.pdf,download_failed,
C83,100nF,CC0603KRX7R9BB104,YAGEO(国巨),,https://atta.szlcsc.com/upload/public/pdf/source/20180910/C282072_33301C7F631E79921B82A8DAC6BCC5B3.pdf,download_failed,
C84,100nF,CC0603KRX7R9BB104,YAGEO(国巨),,https://atta.szlcsc.com/upload/public/pdf/source/20180910/C282072_33301C7F631E79921B82A8DAC6BCC5B3.pdf,download_failed,
C88,100nF,CC0603KRX7R9BB104,YAGEO(国巨),,https://atta.szlcsc.com/upload/public/pdf/source/20180910/C282072_33301C7F631E79921B82A8DAC6BCC5B3.pdf,download_failed,
C90,100nF,CC0603KRX7R9BB104,YAGEO(国巨),,https://atta.szlcsc.com/upload/public/pdf/source/20180910/C282072_33301C7F631E79921B82A8DAC6BCC5B3.pdf,download_failed,
C91,100nF,CC0603KRX7R9BB104,YAGEO(国巨),,https://atta.szlcsc.com/upload/public/pdf/source/20180910/C282072_33301C7F631E79921B82A8DAC6BCC5B3.pdf,download_failed,
C96,100nF,CC0603KRX7R9BB104,YAGEO(国巨),,https://atta.szlcsc.com/upload/public/pdf/source/20180910/C282072_33301C7F631E79921B82A8DAC6BCC5B3.pdf,download_failed,
C102,100nF,CC0603KRX7R9BB104,YAGEO(国巨),,https://atta.szlcsc.com/upload/public/pdf/source/20180910/C282072_33301C7F631E79921B82A8DAC6BCC5B3.pdf,download_failed,
C107,100nF,CC0603KRX7R9BB104,YAGEO(国巨),,https://atta.szlcsc.com/upload/public/pdf/source/20180910/C282072_33301C7F631E79921B82A8DAC6BCC5B3.pdf,download_failed,
C109,100nF,CC0603KRX7R9BB104,YAGEO(国巨),,https://atta.szlcsc.com/upload/public/pdf/source/20180910/C282072_33301C7F631E79921B82A8DAC6BCC5B3.pdf,download_failed,
C117,100nF,CC0603KRX7R9BB104,YAGEO(国巨),,https://atta.szlcsc.com/upload/public/pdf/source/20180910/C282072_33301C7F631E79921B82A8DAC6BCC5B3.pdf,download_failed,
C127,100nF,CC0603KRX7R9BB104,YAGEO(国巨),,https://atta.szlcsc.com/upload/public/pdf/source/20180910/C282072_33301C7F631E79921B82A8DAC6BCC5B3.pdf,download_failed,
C134,100nF,CC0603KRX7R9BB104,YAGEO(国巨),,https://atta.szlcsc.com/upload/public/pdf/source/20180910/C282072_33301C7F631E79921B82A8DAC6BCC5B3.pdf,download_failed,
C141,100nF,CC0603KRX7R9BB104,YAGEO(国巨),,https://atta.szlcsc.com/upload/public/pdf/source/20180910/C282072_33301C7F631E79921B82A8DAC6BCC5B3.pdf,download_failed,
C142,100nF,CC0603KRX7R9BB104,YAGEO(国巨),,https://atta.szlcsc.com/upload/public/pdf/source/20180910/C282072_33301C7F631E79921B82A8DAC6BCC5B3.pdf,download_failed,
C7,217EC0037,217EC0037,KNSCHA(科尼盛),,https://atta.szlcsc.com/upload/public/pdf/source/20210422/EC1E536C9FD0A94CE1B32C3E1FF5D6BF.pdf,download_failed,
C8,ERA16V4700M13X25,ERA16V4700M13X25,JIERR(捷而瑞),,https://atta.szlcsc.com/upload/public/pdf/source/20150922/1457707409314.pdf,download_failed,
C10,HGC1206R5107M100NSPJ,HGC1206R5107M100NSPJ,Chinocera(华瓷),,,missing,
C11,HGC1206R5107M100NSPJ,HGC1206R5107M100NSPJ,Chinocera(华瓷),,,missing,
C12,HGC1206R5107M100NSPJ,HGC1206R5107M100NSPJ,Chinocera(华瓷),,,missing,
C13,4700uF,EWH1EM472L25OT,AISHI(艾华集团),,,missing,
C15,1uF,CL10B105KB8NQNC,SAMSUNG(三星),,,missing,
C16,1uF,CL10B105KB8NQNC,SAMSUNG(三星),,,missing,
C54,1uF,CL10B105KB8NQNC,SAMSUNG(三星),,,missing,
C89,1uF,CL10B105KB8NQNC,SAMSUNG(三星),,,missing,
C126,1uF,CL10B105KB8NQNC,SAMSUNG(三星),,,missing,
C18,470nF,0603B474K500NT,FH(风华),,,missing,
C19,470nF,0603B474K500NT,FH(风华),,,missing,
C119,470nF,0603B474K500NT,FH(风华),,,missing,
C131,470nF,0603B474K500NT,FH(风华),,,missing,
C133,470nF,0603B474K500NT,FH(风华),,,missing,
C20,22uF,CGA0805X5R226M350MT,HRE(芯声),,https://atta.szlcsc.com/upload/public/pdf/source/20231129/D589D0CC4D260F7AC3A77E53B455CCB3.pdf,download_failed,
C21,22uF,CGA0805X5R226M350MT,HRE(芯声),,https://atta.szlcsc.com/upload/public/pdf/source/20231129/D589D0CC4D260F7AC3A77E53B455CCB3.pdf,download_failed,
C22,100nF,CL05B104KB54PNC,SAMSUNG(三星),,,missing,
C27,100nF,CL05B104KB54PNC,SAMSUNG(三星),,,missing,
C32,RVT1H220M0605,RVT1H220M0605,ROQANG(容强),,,missing,
C135,RVT1H220M0605,RVT1H220M0605,ROQANG(容强),,,missing,
C136,RVT1H220M0605,RVT1H220M0605,ROQANG(容强),,,missing,
C137,RVT1H220M0605,RVT1H220M0605,ROQANG(容强),,,missing,
C138,RVT1H220M0605,RVT1H220M0605,ROQANG(容强),,,missing,
C139,RVT1H220M0605,RVT1H220M0605,ROQANG(容强),,,missing,
C140,RVT1H220M0605,RVT1H220M0605,ROQANG(容强),,,missing,
C33,1uF,CGA0603X5R105K500JT,HRE(芯声),,,missing,
C35,1uF,CGA0603X5R105K500JT,HRE(芯声),,,missing,
C37,1uF,CGA0603X5R105K500JT,HRE(芯声),,,missing,
C61,1uF,CGA0603X5R105K500JT,HRE(芯声),,,missing,
C63,1uF,CGA0603X5R105K500JT,HRE(芯声),,,missing,
C72,1uF,CGA0603X5R105K500JT,HRE(芯声),,,missing,
C76,1uF,CGA0603X5R105K500JT,HRE(芯声),,,missing,
C77,1uF,CGA0603X5R105K500JT,HRE(芯声),,,missing,
C120,1uF,CGA0603X5R105K500JT,HRE(芯声),,,missing,
C41,10nF,TCC0201X7R103K500ZT,CCTC(三环),,,missing,
C42,10nF,TCC0201X7R103K500ZT,CCTC(三环),,,missing,
C43,10nF,TCC0201X7R103K500ZT,CCTC(三环),,,missing,
C104,10nF,TCC0201X7R103K500ZT,CCTC(三环),,,missing,
C105,10nF,TCC0201X7R103K500ZT,CCTC(三环),,,missing,
C106,10nF,TCC0201X7R103K500ZT,CCTC(三环),,,missing,
C50,100uF,RVT1H101M0607,ROQANG(容强),,https://atta.szlcsc.com/upload/public/pdf/source/20170325/1490427950282.pdf,download_failed,
C51,4.7uF,CL21A475KBQNNNE,SAMSUNG(三星),,,missing,
C52,4.7uF,CL21A475KBQNNNE,SAMSUNG(三星),,,missing,
C92,4.7uF,CL21A475KBQNNNE,SAMSUNG(三星),,,missing,
C97,4.7uF,CL21A475KBQNNNE,SAMSUNG(三星),,,missing,
C55,220nF,CL10B224KB8NNNC,SAMSUNG(三星),,,missing,
C58,22uF,CL21A226MAQNNNE,SAMSUNG(三星),,,missing,
C59,47uF,RVT1H470M0607,ROQANG(容强),,,missing,
C98,47uF,RVT1H470M0607,ROQANG(容强),,,missing,
C60,470uF,RVT1V471M1010,ROQANG(容强),,https://atta.szlcsc.com/upload/public/pdf/source/20210128/C72519_A1B8ED607B11AD36B70B1D23AFC8819E.pdf,download_failed,
C65,10uF,GCM32EC71H106KA03L,muRata(村田),,,missing,
C66,10uF,GCM32EC71H106KA03L,muRata(村田),,,missing,
C68,100uF,RVT1A101M0505,ROQANG(容强),,https://atta.szlcsc.com/upload/public/pdf/source/20170325/1490427950282.pdf,download_failed,
C69,47uF,CS3225X7R476K160NRL,SAMWHA(三和),,,missing,
C70,47uF,CS3225X7R476K160NRL,SAMWHA(三和),,,missing,
C71,47uF,CS3225X7R476K160NRL,SAMWHA(三和),,,missing,
C75,22nF,TCC0603X7R223M500CT,CCTC(三环),,,missing,
C79,22uF,CL10A226MP8NUNE,SAMSUNG(三星),,,missing,
C108,22uF,CL10A226MP8NUNE,SAMSUNG(三星),,,missing,
C82,470uF,RVT1C471M0607,ROQANG(容强),,,missing,
C85,470uF,RVT1C471M0607,ROQANG(容强),,,missing,
C93,1uF,CL10A105KB8NNNC,SAMSUNG(三星),,https://atta.szlcsc.com/upload/public/pdf/source/20160218/1457707763339.pdf,download_failed,
C99,1uF,CL10A105KB8NNNC,SAMSUNG(三星),,https://atta.szlcsc.com/upload/public/pdf/source/20160218/1457707763339.pdf,download_failed,
C118,1uF,CL10A105KB8NNNC,SAMSUNG(三星),,https://atta.szlcsc.com/upload/public/pdf/source/20160218/1457707763339.pdf,download_failed,
C130,1uF,CL10A105KB8NNNC,SAMSUNG(三星),,https://atta.szlcsc.com/upload/public/pdf/source/20160218/1457707763339.pdf,download_failed,
C132,1uF,CL10A105KB8NNNC,SAMSUNG(三星),,https://atta.szlcsc.com/upload/public/pdf/source/20160218/1457707763339.pdf,download_failed,
C94,47uF,GRM21BR61A476ME15L,muRata(村田),,,missing,
C95,47uF,GRM21BR61A476ME15L,muRata(村田),,,missing,
C100,22uF,CL31A226KAHNNNE,SAMSUNG(三星),,,missing,
C101,22uF,CL31A226KAHNNNE,SAMSUNG(三星),,,missing,
C110,220nF,CC0603KRX7R9BB224,YAGEO(国巨),,https://atta.szlcsc.com/upload/public/pdf/source/20180910/C282072_33301C7F631E79921B82A8DAC6BCC5B3.pdf,download_failed,
C111,220nF,CC0603KRX7R9BB224,YAGEO(国巨),,https://atta.szlcsc.com/upload/public/pdf/source/20180910/C282072_33301C7F631E79921B82A8DAC6BCC5B3.pdf,download_failed,
C112,220nF,CC0603KRX7R9BB224,YAGEO(国巨),,https://atta.szlcsc.com/upload/public/pdf/source/20180910/C282072_33301C7F631E79921B82A8DAC6BCC5B3.pdf,download_failed,
C113,220nF,CC0603KRX7R9BB224,YAGEO(国巨),,https://atta.szlcsc.com/upload/public/pdf/source/20180910/C282072_33301C7F631E79921B82A8DAC6BCC5B3.pdf,download_failed,
C114,100nF,TCC0603X7R104K500CT,CCTC(三环),,,missing,
C115,100pF,FCC0402N101J500AT,FOJAN(富捷),,,missing,
C116,2.2uF,,,,,missing,
C121,100pF,CC0603JRNPO9BN101,YAGEO(国巨),,,missing,
C122,100nF,CL10B104KC8NNNC,SAMSUNG(三星),,,missing,
C123,100nF,CL10B104KC8NNNC,SAMSUNG(三星),,,missing,
C124,100nF,CL10B104KC8NNNC,SAMSUNG(三星),,,missing,
C125,100nF,CL10B104KC8NNNC,SAMSUNG(三星),,,missing,
C128,100nF,CL10B104KC8NNNC,SAMSUNG(三星),,,missing,
C129,100nF,CL10B104KC8NNNC,SAMSUNG(三星),,,missing,
C143,VKME1651E102MV,VKME1651E102MV,Ymin(永铭),,https://atta.szlcsc.com/upload/public/pdf/source/20200220/C487365_CBD0F9C143D6988F0F1834932849078A.pdf,download_failed,
C601,10uF,,,,,missing,
C602,UWT1H221MNL1GS,UWT1H221MNL1GS,Nichicon(尼吉康),,https://atta.szlcsc.com/upload/public/pdf/source/20170630/1498816639192.pdf,download_failed,
C603,470pF,,,,,missing,
C604,220nF,,,,,missing,
C605,100nF,,,,,missing,
C606,100nF,,,,,missing,
C607,2pF,,,,,missing,
C1701,100nF,,,,,missing,
CN1,B2B-XH-A(LF)(SN),B2B-XH-A(LF)(SN),JST,,https://atta.szlcsc.com/upload/public/pdf/source/20180928/C265283_F9DFEEBDB2CF642B6BDFAB4B77BD2680.pdf,download_failed,
CN2,5017,5017,,,,missing,
CN3,DB142R-5_08-8P,DB142R-5.08-8P-GN,DORABO(地博电气),,https://atta.szlcsc.com/upload/public/pdf/source/20210923/B6BFEFBD675ACB8BB7C705FCAAB6E1C3.pdf,download_failed,
CN4,EXT,ZX-XH2.54-2PZZ,Megastar(兆星),,,missing,
CN2301,S4B-XH-A_LF_SN,S4B-XH-A(LF)(SN),JST,,,missing,
CUR_1,INA3221AIRGVR,INA3221AIRGVR,TI(德州仪器),,https://www.ti.com/lit/ds/symlink/ina3221airgvr.pdf,download_failed,
CUR_2,INA3221AIRGVR,INA3221AIRGVR,TI(德州仪器),,https://www.ti.com/lit/ds/symlink/ina3221airgvr.pdf,download_failed,
D1,SMAJ16A,SMAJ16A,GOODWORK(固得沃克),,https://atta.szlcsc.com/upload/public/pdf/source/20240508/8B44FA02DF89A45C8C3EB0325515EF7C.pdf,download_failed,
D10,SMAJ16A,SMAJ16A,GOODWORK(固得沃克),,https://atta.szlcsc.com/upload/public/pdf/source/20240508/8B44FA02DF89A45C8C3EB0325515EF7C.pdf,download_failed,
D3,SMF13A,SMF13A,晶导微电子,,,missing,
D13,SMF13A,SMF13A,晶导微电子,,,missing,
D14,SMF13A,SMF13A,晶导微电子,,,missing,
D15,SMF13A,SMF13A,晶导微电子,,,missing,
D4,SS36,SS36,TWGMC(迪嘉),,,missing,
D5,SS36,SS36,TWGMC(迪嘉),,,missing,
D6,SS36,SS36,TWGMC(迪嘉),,,missing,
D7,SS36,SS36,TWGMC(迪嘉),,,missing,
D8,SMF5_0A_C2857263,SMF5.0A,JSMSEMI(杰盛微),,,missing,
D9,TPD2E2U06DCKR,TPD2E2U06DCKR,TI(德州仪器),,https://www.ti.com/lit/ds/symlink/tpd2e2u06dckr.pdf,download_failed,
D11,SBR8U60P5-13,SBR8U60P5-13,DIODES(美台),,,missing,
D12,SBR8U60P5-13,SBR8U60P5-13,DIODES(美台),,,missing,
D16,TPD4E02B04DQAR,TPD4E02B04DQAR,TI(德州仪器),,https://www.ti.com/lit/ds/symlink/tpd4e02b04dqar.pdf,download_failed,
D17,SMBJ24A_C224017,SMBJ24A,Littelfuse(美国力特),,,missing,
D36,SMBJ24A_C224017,SMBJ24A,Littelfuse(美国力特),,,missing,
U32,SMBJ24A_C224017,SMBJ24A,Littelfuse(美国力特),,,missing,
U34,SMBJ24A_C224017,SMBJ24A,Littelfuse(美国力特),,,missing,
U35,SMBJ24A_C224017,SMBJ24A,Littelfuse(美国力特),,,missing,
U37,SMBJ24A_C224017,SMBJ24A,Littelfuse(美国力特),,,missing,
U38,SMBJ24A_C224017,SMBJ24A,Littelfuse(美国力特),,,missing,
U40,SMBJ24A_C224017,SMBJ24A,Littelfuse(美国力特),,,missing,
U49,SMBJ24A_C224017,SMBJ24A,Littelfuse(美国力特),,,missing,
U51,SMBJ24A_C224017,SMBJ24A,Littelfuse(美国力特),,,missing,
U52,SMBJ24A_C224017,SMBJ24A,Littelfuse(美国力特),,,missing,
U54,SMBJ24A_C224017,SMBJ24A,Littelfuse(美国力特),,,missing,
U57,SMBJ24A_C224017,SMBJ24A,Littelfuse(美国力特),,,missing,
U59,SMBJ24A_C224017,SMBJ24A,Littelfuse(美国力特),,,missing,
D18,BZT52C15,BZT52C15,MDD(辰达半导体),,,missing,
D19,MMSZ4685T1G,MMSZ4685T1G,onsemi(安森美),,,missing,
D20,BAT46W-7-F,BAT46W-7-F,DIODES(美台),,,missing,
D21,BAT46W-7-F,BAT46W-7-F,DIODES(美台),,,missing,
D22,BAT46W-7-F,BAT46W-7-F,DIODES(美台),,,missing,
D25,BAT46W-7-F,BAT46W-7-F,DIODES(美台),,,missing,
D27,BAT46W-7-F,BAT46W-7-F,DIODES(美台),,,missing,
D23,MMSZ5246B-7-F,MMSZ5246B-7-F,DIODES(美台),,,missing,
D28,MMSZ5246B-7-F,MMSZ5246B-7-F,DIODES(美台),,,missing,
D30,MMSZ5246B-7-F,MMSZ5246B-7-F,DIODES(美台),,,missing,
D24,MMSZ5267BT1G,MMSZ5267BT1G,onsemi(安森美),,,missing,
D26,MMSZ5246B_R1_00001,MMSZ5246B_R1_00001,PANJIT(强茂),,,missing,
D29,BZT52C5V1S-7-F,BZT52C5V1S-7-F,DIODES(美台),,,missing,
D31,BAT46W,BAT46W,R+O(宏嘉诚),,,missing,
D32,UCLAMP3301P,UCLAMP3301P,TECH PUBLIC(台舟),,,missing,
D33,ESD9X5VU,ESD9X5VU,TECH PUBLIC(台舟),,,missing,
D34,SMF24A_C19077514,SMF24A,R+O(宏嘉诚),,,missing,
D35,SS54_C123946,SS54,晶导微电子,,,missing,
DC1,20V Supply,DC005,SHOU HAN(首韩),,https://atta.szlcsc.com/upload/public/pdf/source/20190925/C431533_4751811035784AC1D38EBC85F7905E99.pdf,download_failed,
DC2,20V Supply,DC005,SHOU HAN(首韩),,https://atta.szlcsc.com/upload/public/pdf/source/20190925/C431533_4751811035784AC1D38EBC85F7905E99.pdf,download_failed,
F1,XF-507P,XF-507P,XFCN(兴飞),,,missing,
F2,0466001.NRHF,0466001.NRHF,Littelfuse(美国力特),,,missing,
F3,0466001.NRHF,0466001.NRHF,Littelfuse(美国力特),,,missing,
F4,0466001.NRHF,0466001.NRHF,Littelfuse(美国力特),,,missing,
F5,JK-nSMD050-30,JK-nSMD050-30,JK(金科),,,missing,
frankyface101,~,,,,,skipped_non_component,
H2,PZ254V-11-02P,PZ254V-11-02P,XFCN(兴飞),,,missing,
ONBOARD_3v1,PZ254V-11-02P,PZ254V-11-02P,XFCN(兴飞),,,missing,
ONBOARD_3v101,PZ254V-11-02P,PZ254V-11-02P,XFCN(兴飞),,,missing,
ONBOARD_5V1,PZ254V-11-02P,PZ254V-11-02P,XFCN(兴飞),,,missing,
USBC-5V-BUCK1,PZ254V-11-02P,PZ254V-11-02P,XFCN(兴飞),,,missing,
H3,TSW-104-08-T-T-RA,TSW-104-08-T-T-RA,SAMTEC,,,missing,
H4,TSW-104-08-T-T-RA,TSW-104-08-T-T-RA,SAMTEC,,,missing,
J7,PINHD_1x8_Male,,,,,missing,
J8,PINHD_1x8_Male,,,,,missing,
J9,PINHD_1x8_Male,,,,,missing,
J10,PINHD_1x8_Male,,,,,missing,
J11,PINHD_1x8_Male,,,,,missing,
J12,PINHD_1x8_Male,,,,,missing,
JP1,Jumper_2_Bridged,,,,,missing,
JP3,Jumper_2_Bridged,,,,,missing,
JP4,Jumper_2_Bridged,,,,,missing,
JP2301,Jumper_2_Bridged,,,,,missing,
JP1701,Jumper_2_Small_Bridged,,,,,missing,
JP2101,Jumper_2_Open,,,,,missing,
KAJFACE1,~,,,,,skipped_non_component,
KAJFACE2,~,,,,,skipped_non_component,
KAJFACE3,~,,,,,skipped_non_component,
LED6,PSC-1608U50GC-G4,PSC-1608U50GC-G4,HONGLITRONIC(鸿利光电),,https://atta.szlcsc.com/upload/public/pdf/source/20240328/1E8DD16A94D1B62ECE930CA637B2D3DA.pdf,download_failed,
LED7,19-217UYOC/S3112/TR8,19-217UYOC/S3112/TR8,EVERLIGHT(亿光),,,missing,
LED8,TJ-S1608SW6THBLC2R-A5,TJ-S1608SW6THBLC2R-A5,TOGIALED(统佳),,,missing,
LED9,XL-1608UOC-06,XL-1608UOC-06,XINGLIGHT(成兴光),,,missing,
nona101,~,,,,,skipped_non_component,
Q1,L2N7002SLLT1G,L2N7002SLLT1G,LRC(乐山无线电),,,missing,
Q3,L2N7002SLLT1G,L2N7002SLLT1G,LRC(乐山无线电),,,missing,
Q10,L2N7002SLLT1G,L2N7002SLLT1G,LRC(乐山无线电),,,missing,
Q12,L2N7002SLLT1G,L2N7002SLLT1G,LRC(乐山无线电),,,missing,
Q18,L2N7002SLLT1G,L2N7002SLLT1G,LRC(乐山无线电),,,missing,
Q9,DMP3028LK3-13,DMP3028LK3-13,DIODES(美台),,,missing,
Q11,SIRA99DP-T1-GE3,SIRA99DP-T1-GE3,VISHAY(威世),,https://atta.szlcsc.com/upload/public/pdf/source/20180719/C241863_6D70112EF6FB285AD50169E19E4828EA.pdf,download_failed,
Q13,IPT012N08N5(TOKMAS),IPT012N08N5(TOKMAS),Tokmas(托克马斯),,,missing,
Q14,IPT012N08N5(TOKMAS),IPT012N08N5(TOKMAS),Tokmas(托克马斯),,,missing,
Q15,ZXMP10A17GTA,ZXMP10A17GTA,DIODES(美台),,,missing,
Q16,"BSS84AK,215","BSS84AK,215",Nexperia(安世),,https://atta.szlcsc.com/upload/public/pdf/source/20180126/C127273_15169558114491308848.pdf,download_failed,
Q17,BSS123NH6327,BSS123NH6327,Infineon(英飞凌),,,missing,
Q19,CSD18563Q5A,CSD18563Q5A,TI(德州仪器),,https://www.ti.com/lit/ds/symlink/csd18563q5a.pdf,download_failed,
Q20,CSD18563Q5A,CSD18563Q5A,TI(德州仪器),,https://www.ti.com/lit/ds/symlink/csd18563q5a.pdf,download_failed,
Q21,CSD18563Q5A,CSD18563Q5A,TI(德州仪器),,https://www.ti.com/lit/ds/symlink/csd18563q5a.pdf,download_failed,
Q22,CSD18563Q5A,CSD18563Q5A,TI(德州仪器),,https://www.ti.com/lit/ds/symlink/csd18563q5a.pdf,download_failed,
Q23,CSD18563Q5A,CSD18563Q5A,TI(德州仪器),,https://www.ti.com/lit/ds/symlink/csd18563q5a.pdf,download_failed,
Q24,CSD18563Q5A,CSD18563Q5A,TI(德州仪器),,https://www.ti.com/lit/ds/symlink/csd18563q5a.pdf,download_failed,
Q602,AO4459,AO4459,AOS,,,missing,
R1,16mΩ,LR123WF160MT4E,UNI-ROYAL(厚声),,,missing,
R3,16mΩ,LR123WF160MT4E,UNI-ROYAL(厚声),,,missing,
R9,16mΩ,LR123WF160MT4E,UNI-ROYAL(厚声),,,missing,
R103,16mΩ,LR123WF160MT4E,UNI-ROYAL(厚声),,,missing,
R104,16mΩ,LR123WF160MT4E,UNI-ROYAL(厚声),,,missing,
R105,16mΩ,LR123WF160MT4E,UNI-ROYAL(厚声),,,missing,
R2,0603WAF4701T5E,0603WAF4701T5E,UNI-ROYAL(厚声),,https://www.mouser.in/datasheet/2/447/PYu_RT_1_to_0_01_RoHS_L_11-1669912.pdf,download_failed,
R51,0603WAF4701T5E,0603WAF4701T5E,UNI-ROYAL(厚声),,https://www.mouser.in/datasheet/2/447/PYu_RT_1_to_0_01_RoHS_L_11-1669912.pdf,download_failed,
R52,0603WAF4701T5E,0603WAF4701T5E,UNI-ROYAL(厚声),,https://www.mouser.in/datasheet/2/447/PYu_RT_1_to_0_01_RoHS_L_11-1669912.pdf,download_failed,
R146,0603WAF4701T5E,0603WAF4701T5E,UNI-ROYAL(厚声),,https://www.mouser.in/datasheet/2/447/PYu_RT_1_to_0_01_RoHS_L_11-1669912.pdf,download_failed,
R169,0603WAF4701T5E,0603WAF4701T5E,UNI-ROYAL(厚声),,https://www.mouser.in/datasheet/2/447/PYu_RT_1_to_0_01_RoHS_L_11-1669912.pdf,download_failed,
R4,FRC0603F1001TS,FRC0603F1001TS,FOJAN(富捷),,https://www.mouser.in/datasheet/2/447/PYu_RT_1_to_0_01_RoHS_L_11-1669912.pdf,download_failed,
R8,FRC0603F1001TS,FRC0603F1001TS,FOJAN(富捷),,https://www.mouser.in/datasheet/2/447/PYu_RT_1_to_0_01_RoHS_L_11-1669912.pdf,download_failed,
R200,FRC0603F1001TS,FRC0603F1001TS,FOJAN(富捷),,https://www.mouser.in/datasheet/2/447/PYu_RT_1_to_0_01_RoHS_L_11-1669912.pdf,download_failed,
R5,0603WAF1500T5E,0603WAF1500T5E,UNI-ROYAL(厚声),,https://www.mouser.in/datasheet/2/447/PYu_RT_1_to_0_01_RoHS_L_11-1669912.pdf,download_failed,
R7,0603WAF4021T5E_C23040,0603WAF4021T5E,UNI-ROYAL(厚声),,https://www.mouser.in/datasheet/2/447/PYu_RT_1_to_0_01_RoHS_L_11-1669912.pdf,download_failed,
R10,0603WAF4021T5E_C23040,0603WAF4021T5E,UNI-ROYAL(厚声),,https://www.mouser.in/datasheet/2/447/PYu_RT_1_to_0_01_RoHS_L_11-1669912.pdf,download_failed,
R11,100kΩ,FRC0603J104 TS,FOJAN(富捷),,,missing,
R21,100kΩ,FRC0603J104 TS,FOJAN(富捷),,,missing,
R90,100kΩ,FRC0603J104 TS,FOJAN(富捷),,,missing,
R92,100kΩ,FRC0603J104 TS,FOJAN(富捷),,,missing,
R94,100kΩ,FRC0603J104 TS,FOJAN(富捷),,,missing,
R106,100kΩ,FRC0603J104 TS,FOJAN(富捷),,,missing,
R113,100kΩ,FRC0603J104 TS,FOJAN(富捷),,,missing,
R115,100kΩ,FRC0603J104 TS,FOJAN(富捷),,,missing,
R124,100kΩ,FRC0603J104 TS,FOJAN(富捷),,,missing,
R131,100kΩ,FRC0603J104 TS,FOJAN(富捷),,,missing,
R132,100kΩ,FRC0603J104 TS,FOJAN(富捷),,,missing,
R137,100kΩ,FRC0603J104 TS,FOJAN(富捷),,,missing,
R143,100kΩ,FRC0603J104 TS,FOJAN(富捷),,,missing,
R145,100kΩ,FRC0603J104 TS,FOJAN(富捷),,,missing,
R150,100kΩ,FRC0603J104 TS,FOJAN(富捷),,,missing,
R151,100kΩ,FRC0603J104 TS,FOJAN(富捷),,,missing,
R155,100kΩ,FRC0603J104 TS,FOJAN(富捷),,,missing,
R156,100kΩ,FRC0603J104 TS,FOJAN(富捷),,,missing,
R168,100kΩ,FRC0603J104 TS,FOJAN(富捷),,,missing,
R192,100kΩ,FRC0603J104 TS,FOJAN(富捷),,,missing,
R213,100kΩ,FRC0603J104 TS,FOJAN(富捷),,,missing,
R214,100kΩ,FRC0603J104 TS,FOJAN(富捷),,,missing,
R12,0603WAF3401T5E,0603WAF3401T5E,UNI-ROYAL(厚声),,https://www.mouser.in/datasheet/2/447/PYu_RT_1_to_0_01_RoHS_L_11-1669912.pdf,download_failed,
R13,22k,,,,,missing,
R14,22k,,,,,missing,
R15,11.3kΩ,0603WAF1132T5E,UNI-ROYAL(厚声),,,missing,
R16,RLM25FEER005,RLM25FEER005,大毅科技,,,missing,
R17,10kΩ,0603WAF1002T5E,UNI-ROYAL(厚声),,,missing,
R142,10kΩ,0603WAF1002T5E,UNI-ROYAL(厚声),,,missing,
R154,10kΩ,0603WAF1002T5E,UNI-ROYAL(厚声),,,missing,
R159,10kΩ,0603WAF1002T5E,UNI-ROYAL(厚声),,,missing,
R193,10kΩ,0603WAF1002T5E,UNI-ROYAL(厚声),,,missing,
R194,10kΩ,0603WAF1002T5E,UNI-ROYAL(厚声),,,missing,
R195,10kΩ,0603WAF1002T5E,UNI-ROYAL(厚声),,,missing,
R211,10kΩ,0603WAF1002T5E,UNI-ROYAL(厚声),,,missing,
R18,1mΩ,PEWM3920F1L00K9,RESI(开步睿思),,,missing,
R189,1mΩ,PEWM3920F1L00K9,RESI(开步睿思),,,missing,
R19,10kΩ,0402WGF1002TCE,UNI-ROYAL(厚声),,,missing,
R98,10kΩ,0402WGF1002TCE,UNI-ROYAL(厚声),,,missing,
R162,10kΩ,0402WGF1002TCE,UNI-ROYAL(厚声),,,missing,
R181,10kΩ,0402WGF1002TCE,UNI-ROYAL(厚声),,,missing,
R182,10kΩ,0402WGF1002TCE,UNI-ROYAL(厚声),,,missing,
R183,10kΩ,0402WGF1002TCE,UNI-ROYAL(厚声),,,missing,
R184,10kΩ,0402WGF1002TCE,UNI-ROYAL(厚声),,,missing,
R186,10kΩ,0402WGF1002TCE,UNI-ROYAL(厚声),,,missing,
R188,10kΩ,0402WGF1002TCE,UNI-ROYAL(厚声),,,missing,
R241,10kΩ,0402WGF1002TCE,UNI-ROYAL(厚声),,,missing,
R242,10kΩ,0402WGF1002TCE,UNI-ROYAL(厚声),,,missing,
R243,10kΩ,0402WGF1002TCE,UNI-ROYAL(厚声),,,missing,
R268,10kΩ,0402WGF1002TCE,UNI-ROYAL(厚声),,,missing,
R269,10kΩ,0402WGF1002TCE,UNI-ROYAL(厚声),,,missing,
R20,220,,,,,missing,
R69,2.2kΩ,0603WAF2201T5E,UNI-ROYAL(厚声),,https://atta.szlcsc.com/upload/public/pdf/source/20200306/C422600_1E6D84923E4A46A82E41ADD87F860B5C.pdf,download_failed,
R71,2.2kΩ,0603WAF2201T5E,UNI-ROYAL(厚声),,https://atta.szlcsc.com/upload/public/pdf/source/20200306/C422600_1E6D84923E4A46A82E41ADD87F860B5C.pdf,download_failed,
R73,0603WAF1000T5E,0603WAF1000T5E,UNI-ROYAL(厚声),,https://www.mouser.in/datasheet/2/447/PYu_RT_1_to_0_01_RoHS_L_11-1669912.pdf,download_failed,
R82,0603WAF1000T5E,0603WAF1000T5E,UNI-ROYAL(厚声),,https://www.mouser.in/datasheet/2/447/PYu_RT_1_to_0_01_RoHS_L_11-1669912.pdf,download_failed,
R91,0603WAF1000T5E,0603WAF1000T5E,UNI-ROYAL(厚声),,https://www.mouser.in/datasheet/2/447/PYu_RT_1_to_0_01_RoHS_L_11-1669912.pdf,download_failed,
R93,0603WAF1000T5E,0603WAF1000T5E,UNI-ROYAL(厚声),,https://www.mouser.in/datasheet/2/447/PYu_RT_1_to_0_01_RoHS_L_11-1669912.pdf,download_failed,
R95,0603WAF1000T5E,0603WAF1000T5E,UNI-ROYAL(厚声),,https://www.mouser.in/datasheet/2/447/PYu_RT_1_to_0_01_RoHS_L_11-1669912.pdf,download_failed,
R107,0603WAF1000T5E,0603WAF1000T5E,UNI-ROYAL(厚声),,https://www.mouser.in/datasheet/2/447/PYu_RT_1_to_0_01_RoHS_L_11-1669912.pdf,download_failed,
R114,0603WAF1000T5E,0603WAF1000T5E,UNI-ROYAL(厚声),,https://www.mouser.in/datasheet/2/447/PYu_RT_1_to_0_01_RoHS_L_11-1669912.pdf,download_failed,
R116,0603WAF1000T5E,0603WAF1000T5E,UNI-ROYAL(厚声),,https://www.mouser.in/datasheet/2/447/PYu_RT_1_to_0_01_RoHS_L_11-1669912.pdf,download_failed,
R125,0603WAF1000T5E,0603WAF1000T5E,UNI-ROYAL(厚声),,https://www.mouser.in/datasheet/2/447/PYu_RT_1_to_0_01_RoHS_L_11-1669912.pdf,download_failed,
R185,0603WAF1000T5E,0603WAF1000T5E,UNI-ROYAL(厚声),,https://www.mouser.in/datasheet/2/447/PYu_RT_1_to_0_01_RoHS_L_11-1669912.pdf,download_failed,
R187,0603WAF1000T5E,0603WAF1000T5E,UNI-ROYAL(厚声),,https://www.mouser.in/datasheet/2/447/PYu_RT_1_to_0_01_RoHS_L_11-1669912.pdf,download_failed,
R196,0603WAF1000T5E,0603WAF1000T5E,UNI-ROYAL(厚声),,https://www.mouser.in/datasheet/2/447/PYu_RT_1_to_0_01_RoHS_L_11-1669912.pdf,download_failed,
R197,0603WAF1000T5E,0603WAF1000T5E,UNI-ROYAL(厚声),,https://www.mouser.in/datasheet/2/447/PYu_RT_1_to_0_01_RoHS_L_11-1669912.pdf,download_failed,
R74,10k,,,,,missing,
R80,10k,,,,,missing,
R77,1kΩ,0402WGF1001TCE,UNI-ROYAL(厚声),,,missing,
R79,1kΩ,0402WGF1001TCE,UNI-ROYAL(厚声),,,missing,
R86,60mΩ,PE2512FKE7W0R06L,YAGEO(国巨),,https://atta.szlcsc.com/upload/public/pdf/source/20211020/C6103334F76DC954DA6F525702694423.pdf,download_failed,
R96,10Ω,RC0402FR-0710RL,YAGEO(国巨),,,missing,
R97,10Ω,RC0402FR-0710RL,YAGEO(国巨),,,missing,
R99,10Ω,RC0402FR-0710RL,YAGEO(国巨),,,missing,
R100,10Ω,RC0402FR-0710RL,YAGEO(国巨),,,missing,
R101,10Ω,RC0402FR-0710RL,YAGEO(国巨),,,missing,
R102,10Ω,RC0402FR-0710RL,YAGEO(国巨),,,missing,
R160,10Ω,RC0402FR-0710RL,YAGEO(国巨),,,missing,
R161,10Ω,RC0402FR-0710RL,YAGEO(国巨),,,missing,
R163,10Ω,RC0402FR-0710RL,YAGEO(国巨),,,missing,
R164,10Ω,RC0402FR-0710RL,YAGEO(国巨),,,missing,
R165,10Ω,RC0402FR-0710RL,YAGEO(国巨),,,missing,
R166,10Ω,RC0402FR-0710RL,YAGEO(国巨),,,missing,
R108,0,,,,,missing,
R109,36.5kΩ,FRC0603F3652TS,FOJAN(富捷),,,missing,
R110,100kΩ,0603WAF1003T5E,UNI-ROYAL(厚声),,,missing,
R111,11kΩ,FRC0603F1102TS,FOJAN(富捷),,,missing,
R129,11kΩ,FRC0603F1102TS,FOJAN(富捷),,,missing,
R112,7mΩ,JER2512F3R007,JIERR(捷而瑞),,,missing,
R126,3.92kΩ,RC0603FR-073K92L,YAGEO(国巨),,,missing,
R127,1.58kΩ,FRC0603F1581TS,FOJAN(富捷),,,missing,
R128,442kΩ,FRH0603D4423TS,FOJAN(富捷),,,missing,
R130,20kΩ,0603WAF2002T5E,UNI-ROYAL(厚声),,,missing,
R152,20kΩ,0603WAF2002T5E,UNI-ROYAL(厚声),,,missing,
R133,19.1Ω,0603WAF191JT5E,UNI-ROYAL(厚声),,,missing,
R134,21kΩ,0603WAF2102T5E,UNI-ROYAL(厚声),,,missing,
R135,19.1kΩ,FRC0805F1912TS,FOJAN(富捷),,,missing,
R136,909kΩ,RC-01W9093FT,FH(风华),,https://atta.szlcsc.com/upload/public/pdf/source/20140616/1457707091974.pdf,download_failed,
R138,909kΩ,RC-01W9093FT,FH(风华),,https://atta.szlcsc.com/upload/public/pdf/source/20140616/1457707091974.pdf,download_failed,
R139,10Ω,FRC0603J100 TS,FOJAN(富捷),,,missing,
R140,100kΩ,RC0201FR-07100KL,YAGEO(国巨),,https://atta.szlcsc.com/upload/public/pdf/source/20181009/C309620_DA5935B6E1D48212CB7A533FE518B3C2.pdf,download_failed,
R141,30kΩ,FRC0603F3002TS,FOJAN(富捷),,,missing,
R144,47Ω,RS-03K47R0FT,FH(风华),,https://atta.szlcsc.com/upload/public/pdf/source/20140616/1457707091974.pdf,download_failed,
R167,47Ω,RS-03K47R0FT,FH(风华),,https://atta.szlcsc.com/upload/public/pdf/source/20140616/1457707091974.pdf,download_failed,
R170,47Ω,RS-03K47R0FT,FH(风华),,https://atta.szlcsc.com/upload/public/pdf/source/20140616/1457707091974.pdf,download_failed,
R171,47Ω,RS-03K47R0FT,FH(风华),,https://atta.szlcsc.com/upload/public/pdf/source/20140616/1457707091974.pdf,download_failed,
R176,47Ω,RS-03K47R0FT,FH(风华),,https://atta.szlcsc.com/upload/public/pdf/source/20140616/1457707091974.pdf,download_failed,
R177,47Ω,RS-03K47R0FT,FH(风华),,https://atta.szlcsc.com/upload/public/pdf/source/20140616/1457707091974.pdf,download_failed,
R178,47Ω,RS-03K47R0FT,FH(风华),,https://atta.szlcsc.com/upload/public/pdf/source/20140616/1457707091974.pdf,download_failed,
R179,47Ω,RS-03K47R0FT,FH(风华),,https://atta.szlcsc.com/upload/public/pdf/source/20140616/1457707091974.pdf,download_failed,
R180,47Ω,RS-03K47R0FT,FH(风华),,https://atta.szlcsc.com/upload/public/pdf/source/20140616/1457707091974.pdf,download_failed,
R147,220Ω,0603WAF2200T5E,UNI-ROYAL(厚声),,https://atta.szlcsc.com/upload/public/pdf/source/20200306/C422600_1E6D84923E4A46A82E41ADD87F860B5C.pdf,download_failed,
R148,100kΩ,0402WGF1003TCE,UNI-ROYAL(厚声),,,missing,
R149,47,,,,,missing,
R153,23.2kΩ,0603WAF2322T5E,UNI-ROYAL(厚声),,,missing,
R157,15.8kΩ,FRC0603F1582TS,FOJAN(富捷),,,missing,
R158,40.2kΩ,RC0603FR-0740K2L,YAGEO(国巨),,https://atta.szlcsc.com/upload/public/pdf/source/20180821/C275644_0D56F95EFF785E7D9A1FEF436B37DA78.pdf,download_failed,
R172,20Ω,FRC0603F20R0TS,FOJAN(富捷),,,missing,
R173,20Ω,FRC0603F20R0TS,FOJAN(富捷),,,missing,
R174,20Ω,FRC0603F20R0TS,FOJAN(富捷),,,missing,
R175,20Ω,FRC0603F20R0TS,FOJAN(富捷),,,missing,
R190,100Ω,1206W4F1000T5E,UNI-ROYAL(厚声),,,missing,
R191,82kΩ,FRC0603F8202TS,FOJAN(富捷),,,missing,
R198,10MΩ,0603WAF1005T5E,UNI-ROYAL(厚声),,https://atta.szlcsc.com/upload/public/pdf/source/20200306/C422600_1E6D84923E4A46A82E41ADD87F860B5C.pdf,download_failed,
R205,10MΩ,0603WAF1005T5E,UNI-ROYAL(厚声),,https://atta.szlcsc.com/upload/public/pdf/source/20200306/C422600_1E6D84923E4A46A82E41ADD87F860B5C.pdf,download_failed,
R210,10MΩ,0603WAF1005T5E,UNI-ROYAL(厚声),,https://atta.szlcsc.com/upload/public/pdf/source/20200306/C422600_1E6D84923E4A46A82E41ADD87F860B5C.pdf,download_failed,
R199,47Ω,FRC0603J470 TS,FOJAN(富捷),,,missing,
R203,47Ω,FRC0603J470 TS,FOJAN(富捷),,,missing,
R208,47Ω,FRC0603J470 TS,FOJAN(富捷),,,missing,
R201,68kΩ,RC0603FR-0768KL,YAGEO(国巨),,,missing,
R202,1MΩ,RC0603FR-071ML,YAGEO(国巨),,https://atta.szlcsc.com/upload/public/pdf/source/20181102/C105578_67A9388250AF143DE4682E62257D2969.pdf,download_failed,
R204,68kΩ,0603WAF6802T5E,UNI-ROYAL(厚声),,,missing,
R206,40Ω,PWR263S-35-40R0J,BOURNS,,,missing,
R207,SEWF3920F1L00P9,SEWF3920F1L00P9,RESI(开步睿思),,,missing,
R209,470Ω,FRC0603J471 TS,FOJAN(富捷),,,missing,
R212,4.7k,,,,,missing,
R215,5.1kΩ,FRC0603F5101TS,FOJAN(富捷),,,missing,
R216,5.1kΩ,FRC0603F5101TS,FOJAN(富捷),,,missing,
R301,47Ω,,,,,missing,
R302,47Ω,,,,,missing,
R303,47Ω,,,,,missing,
R304,47Ω,,,,,missing,
R305,47Ω,,,,,missing,
R306,47Ω,,,,,missing,
R307,47Ω,,,,,missing,
R308,47Ω,,,,,missing,
R309,47Ω,,,,,missing,
R310,47Ω,,,,,missing,
R311,47Ω,,,,,missing,
R312,47Ω,,,,,missing,
R313,47Ω,,,,,missing,
R314,47Ω,,,,,missing,
R315,47Ω,,,,,missing,
R316,47Ω,,,,,missing,
R317,47Ω,,,,,missing,
R318,47Ω,,,,,missing,
R319,47Ω,,,,,missing,
R320,47Ω,,,,,missing,
R321,47Ω,,,,,missing,
R322,47Ω,,,,,missing,
R323,47Ω,,,,,missing,
R324,47Ω,,,,,missing,
R3401,47Ω,,,,,missing,
R3402,47Ω,,,,,missing,
R3403,47Ω,,,,,missing,
R3404,47Ω,,,,,missing,
R3405,47Ω,,,,,missing,
R3406,47Ω,,,,,missing,
R3407,47Ω,,,,,missing,
R3408,47Ω,,,,,missing,
R3409,47Ω,,,,,missing,
R3410,47Ω,,,,,missing,
R3411,47Ω,,,,,missing,
R3412,47Ω,,,,,missing,
R3413,47Ω,,,,,missing,
R3414,47Ω,,,,,missing,
R3415,47Ω,,,,,missing,
R3416,47Ω,,,,,missing,
R3417,47Ω,,,,,missing,
R3418,47Ω,,,,,missing,
R3419,47Ω,,,,,missing,
R3420,47Ω,,,,,missing,
R3421,47Ω,,,,,missing,
R3422,47Ω,,,,,missing,
R3423,47Ω,,,,,missing,
R3424,47Ω,,,,,missing,
R601,1M,,,,,missing,
R602,120,,,,,missing,
R603,10k,,,,,missing,
R604,100k,,,,,missing,
R606,100k,,,,,missing,
R1702,100k,,,,,missing,
R1705,100k,,,,,missing,
R605,5.76k,,,,,missing,
R607,105k,,,,,missing,
R608,24.9k,,,,,missing,
R1701,47k,,,,,missing,
R1703,26.7k,,,,,missing,
R1704,20k,,,,,missing,
RN1,10kΩ,RTA03-4D103JTP,RALEC(旺诠),,,missing,
RN2,10kΩ,RTA03-4D103JTP,RALEC(旺诠),,,missing,
SW2,TC-6615-5-260G,TC-6615-5-260G,HCTL(华灿天禄),,,missing,
tore101,~,,,,,skipped_non_component,
U1,LSM6DSOXTR,LSM6DSOXTR,ST(意法半导体),,,missing,
U2,~,,,,,skipped_non_component,
U3,~,,,,,skipped_non_component,
U6,~,,,,,skipped_non_component,
U7,~,,,,,skipped_non_component,
U66,~,,,,,skipped_non_component,
U75,~,,,,,skipped_non_component,
U79,~,,,,,skipped_non_component,
U86,~,,,,,skipped_non_component,
U87,~,,,,,skipped_non_component,
U91,~,,,,,skipped_non_component,
U92,~,,,,,skipped_non_component,
USBC_SCL1,~,,,,,skipped_non_component,
USBC_SDA1,~,,,,,skipped_non_component,
U4,~,,,,,skipped_non_component,
U5,~,,,,,skipped_non_component,
U8,~,,,,,skipped_non_component,
U9,~,,,,,skipped_non_component,
U20,~,,,,,skipped_non_component,
U21,~,,,,,skipped_non_component,
U22,~,,,,,skipped_non_component,
U23,~,,,,,skipped_non_component,
U24,~,,,,,skipped_non_component,
U25,~,,,,,skipped_non_component,
U26,~,,,,,skipped_non_component,
U27,~,,,,,skipped_non_component,
U46,~,,,,,skipped_non_component,
U56,~,,,,,skipped_non_component,
U60,~,,,,,skipped_non_component,
U61,~,,,,,skipped_non_component,
U63,~,,,,,skipped_non_component,
U64,~,,,,,skipped_non_component,
U88,~,,,,,skipped_non_component,
U89,~,,,,,skipped_non_component,
U93,~,,,,,skipped_non_component,
U94,~,,,,,skipped_non_component,
U10,0440007_WR,0440007.WR,Littelfuse(美国力特),,https://atta.szlcsc.com/upload/public/pdf/source/20200518/C553934_4CFF0660EAE88BF7A646763F248900C5.pdf,download_failed,
U28,X1270WV-2X08B-6TV01,X1270WV-2x08B-9TV01,XKB Connection(中国星坤),,https://datasheet.lcsc.com/lcsc/2201191230_XKB-Connectivity-X1270WV-2x05B-6TV01_C2962225.pdf,download_failed,
U83,X1270WV-2X08B-6TV01,X1270WV-2x08B-9TV01,XKB Connection(中国星坤),,https://datasheet.lcsc.com/lcsc/2201191230_XKB-Connectivity-X1270WV-2x05B-6TV01_C2962225.pdf,download_failed,
U30,CN3722,CN3722,CONSONANCE(上海如韵),,https://atta.szlcsc.com/upload/public/pdf/source/20161217/1481939130627.pdf,download_failed,
U31,15uH,XAL1010-153MED,Coilcraft(线艺),,https://www.coilcraft.com/getmedia/dd74e670-e705-456a-9a69-585fe02eaf3c/xal1010.pdf,download_failed,
U33,LM5050MKX-1/NOPB,LM5050MKX-1/NOPB,TI(德州仪器),,https://www.ti.com/lit/ds/symlink/lm5050mkx-1/nopb.pdf,download_failed,
U36,LM5050MKX-1/NOPB,LM5050MKX-1/NOPB,TI(德州仪器),,https://www.ti.com/lit/ds/symlink/lm5050mkx-1/nopb.pdf,download_failed,
U39,LM5050MKX-1/NOPB,LM5050MKX-1/NOPB,TI(德州仪器),,https://www.ti.com/lit/ds/symlink/lm5050mkx-1/nopb.pdf,download_failed,
U50,LM5050MKX-1/NOPB,LM5050MKX-1/NOPB,TI(德州仪器),,https://www.ti.com/lit/ds/symlink/lm5050mkx-1/nopb.pdf,download_failed,
U53,LM5050MKX-1/NOPB,LM5050MKX-1/NOPB,TI(德州仪器),,https://www.ti.com/lit/ds/symlink/lm5050mkx-1/nopb.pdf,download_failed,
U58,LM5050MKX-1/NOPB,LM5050MKX-1/NOPB,TI(德州仪器),,https://www.ti.com/lit/ds/symlink/lm5050mkx-1/nopb.pdf,download_failed,
U41,VH3_96-2P_WZ,VH3.96-2P WZ,SHOU HAN(首韩),,https://atta.szlcsc.com/upload/public/pdf/source/20160806/1470478006708.pdf,download_failed,
U42,VH3_96-2P_WZ,VH3.96-2P WZ,SHOU HAN(首韩),,https://atta.szlcsc.com/upload/public/pdf/source/20160806/1470478006708.pdf,download_failed,
U43,VH3_96-2P_WZ,VH3.96-2P WZ,SHOU HAN(首韩),,https://atta.szlcsc.com/upload/public/pdf/source/20160806/1470478006708.pdf,download_failed,
U44,MCP4725A0T-E/CH,MCP4725A0T-E/CH,MICROCHIP(美国微芯),,,missing,
U45,ADS1115IDGST,ADS1115IDGST,TI(德州仪器),,https://www.ti.com/lit/ds/symlink/ads1115idgst.pdf,download_failed,
U47,LTM8055IY_PBF,,,,,missing,
U48,68uF,RVT1E680M0605,ROQANG(容强),,,missing,
U55,TPSM63610RDFR,TPSM63610RDFR,TI(德州仪器),,https://www.ti.com/lit/ds/symlink/tpsm63610rdfr.pdf,download_failed,
U62,TPS16630RGER,TPS16630RGER,TI(德州仪器),,https://www.ti.com/lit/ds/symlink/tps16630rger.pdf,download_failed,
U65,HUSB238A-BB001-QN16R,HUSB238A-BB001-QN16R,Hynetek(慧能泰),,,missing,
U67,MT9700-N,MT9700-N,西安航天民芯,,,missing,
U76,MT9700-N,MT9700-N,西安航天民芯,,,missing,
U68,150uF,RVT1V151M0607,ROQANG(容强),,,missing,
U77,150uF,RVT1V151M0607,ROQANG(容强),,,missing,
U69,"74AHCT1G125GW,125-JSM","74AHCT1G125GW,125-JSM",JSMSEMI(杰盛微),,,missing,
U70,WS2815F,WS2815F,worldsemi,,,missing,
U72,INA226AIDGSR,INA226AIDGSR,TI(德州仪器),,https://www.ti.com/lit/ds/symlink/ina226aidgsr.pdf,download_failed,
U81,INA226AIDGSR,INA226AIDGSR,TI(德州仪器),,https://www.ti.com/lit/ds/symlink/ina226aidgsr.pdf,download_failed,
U73,TPSM33625RDNR,TPSM33625RDNR,TI(德州仪器),,https://www.ti.com/lit/ds/symlink/tpsm33625rdnr.pdf,download_failed,
U74,TPSM33625RDNR,TPSM33625RDNR,TI(德州仪器),,https://www.ti.com/lit/ds/symlink/tpsm33625rdnr.pdf,download_failed,
U78,"PCA9685PW,118","PCA9685PW,118",NXP(恩智浦),,https://www.nxp.com.cn/docs/en/data-sheet/PCA9685.pdf,download_failed,
U80,BQ7694202PFBR,BQ7694202PFBR,TI(德州仪器),,https://www.ti.com/lit/ds/symlink/bq7694202pfbr.pdf,download_failed,
U82,NCP718ASN330T1G,NCP718ASN330T1G,onsemi(安森美),,https://atta.szlcsc.com/upload/public/pdf/source/20210813/8C1C10F20D6048507834084705E93F3A.pdf,download_failed,
U84,PMEG10030ELPX,PMEG10030ELPX,Nexperia(安世),,,missing,
U85,PCAL6524HEAZ,PCAL6524HEAZ,NXP(恩智浦),,https://www.nxp.com/docs/en/data-sheet/PCAL6524DS.pdf,download_failed,
U90,PCAL6524HEAZ,PCAL6524HEAZ,NXP(恩智浦),,https://www.nxp.com/docs/en/data-sheet/PCAL6524DS.pdf,download_failed,
USB1,TYPE-C_6P_073,TYPE-C 6P(073),SHOU HAN(首韩),,,missing,
USBC1,TYPE-C-31-M-12,TYPE-C-31-M-12,韩国韩荣,,https://atta.szlcsc.com/upload/public/pdf/source/20220525/466408E853115E789EDB0DDC29077C05.pdf,download_failed,
warninglogo1,~,,,,,skipped_non_component,
wasplogo1,~,,,,,skipped_non_component,
ZD1,BZT52C12_C43491,BZT52C12,CJ(江苏长电/长晶),,,missing,
